image_path,emotion,dataset_name,width,height,file_size,age,gender
./Datasets\FFHQ\focused\69566.png,0.0,FFHQ,640.0,640.0,619660.0,3.0,2.0
./Datasets\FFHQ\focused\69567.png,0.0,FFHQ,640.0,640.0,462221.0,2.0,2.0
./Datasets\FFHQ\focused\69570.png,0.0,FFHQ,640.0,640.0,543700.0,3.0,2.0
./Datasets\FFHQ\focused\69577.png,0.0,FFHQ,640.0,640.0,559120.0,2.0,1.0
./Datasets\FFHQ\focused\69592.png,0.0,FFHQ,640.0,640.0,589179.0,3.0,2.0
./Datasets\FFHQ\focused\69615.png,0.0,FFHQ,640.0,640.0,549422.0,3.0,2.0
./Datasets\FFHQ\focused\69637.png,0.0,FFHQ,640.0,640.0,613144.0,2.0,1.0
./Datasets\FFHQ\focused\69704.png,0.0,FFHQ,640.0,640.0,606705.0,2.0,1.0
./Datasets\FFHQ\focused\69712.png,0.0,FFHQ,640.0,640.0,580199.0,1.0,1.0
./Datasets\FFHQ\focused\69718.png,0.0,FFHQ,640.0,640.0,573714.0,1.0,2.0
./Datasets\FFHQ\focused\69741.png,0.0,FFHQ,640.0,640.0,615462.0,3.0,1.0
./Datasets\FFHQ\focused\69780.png,0.0,FFHQ,640.0,640.0,603278.0,1.0,1.0
./Datasets\FFHQ\focused\69801.png,0.0,FFHQ,640.0,640.0,534907.0,2.0,2.0
./Datasets\FFHQ\focused\69802.png,0.0,FFHQ,640.0,640.0,457191.0,3.0,1.0
./Datasets\FFHQ\focused\69830.png,0.0,FFHQ,640.0,640.0,635612.0,1.0,2.0
./Datasets\FFHQ\focused\69849.png,0.0,FFHQ,640.0,640.0,579904.0,1.0,2.0
./Datasets\FFHQ\focused\69851.png,0.0,FFHQ,640.0,640.0,585675.0,2.0,2.0
./Datasets\FFHQ\focused\69884.png,0.0,FFHQ,640.0,640.0,592217.0,2.0,2.0
./Datasets\FFHQ\focused\69887.png,0.0,FFHQ,640.0,640.0,553595.0,1.0,2.0
./Datasets\FFHQ\focused\69909.png,0.0,FFHQ,640.0,640.0,656647.0,1.0,2.0
./Datasets\FFHQ\focused\69931.png,0.0,FFHQ,640.0,640.0,523551.0,2.0,2.0
./Datasets\FFHQ\focused\69943.png,0.0,FFHQ,640.0,640.0,658571.0,2.0,2.0
./Datasets\FFHQ\focused\69956.png,0.0,FFHQ,640.0,640.0,624447.0,1.0,2.0
./Datasets\FFHQ\focused\69978.png,0.0,FFHQ,640.0,640.0,646417.0,2.0,2.0
./Datasets\FFHQ\happy\69002.png,1.0,FFHQ,640.0,640.0,531402.0,3.0,2.0
./Datasets\FFHQ\happy\69003.png,1.0,FFHQ,640.0,640.0,712779.0,1.0,1.0
./Datasets\FFHQ\happy\69007.png,1.0,FFHQ,640.0,640.0,502247.0,1.0,1.0
./Datasets\FFHQ\happy\69008.png,1.0,FFHQ,640.0,640.0,611897.0,1.0,1.0
./Datasets\FFHQ\happy\69009.png,1.0,FFHQ,640.0,640.0,591362.0,2.0,1.0
./Datasets\FFHQ\happy\69010.png,1.0,FFHQ,640.0,640.0,600884.0,1.0,2.0
./Datasets\FFHQ\happy\69014.png,1.0,FFHQ,640.0,640.0,580370.0,2.0,1.0
./Datasets\FFHQ\happy\69016.png,1.0,FFHQ,640.0,640.0,582760.0,2.0,2.0
./Datasets\FFHQ\happy\69019.png,1.0,FFHQ,640.0,640.0,644882.0,2.0,1.0
./Datasets\FFHQ\happy\69020.png,1.0,FFHQ,640.0,640.0,614928.0,3.0,1.0
./Datasets\FFHQ\happy\69021.png,1.0,FFHQ,640.0,640.0,566469.0,1.0,1.0
./Datasets\FFHQ\happy\69025.png,1.0,FFHQ,640.0,640.0,607453.0,2.0,2.0
./Datasets\FFHQ\happy\69032.png,1.0,FFHQ,640.0,640.0,585370.0,1.0,2.0
./Datasets\FFHQ\happy\69033.png,1.0,FFHQ,640.0,640.0,681034.0,1.0,1.0
./Datasets\FFHQ\happy\69037.png,1.0,FFHQ,640.0,640.0,614161.0,1.0,1.0
./Datasets\FFHQ\happy\69038.png,1.0,FFHQ,640.0,640.0,653180.0,2.0,1.0
./Datasets\FFHQ\happy\69046.png,1.0,FFHQ,640.0,640.0,602736.0,2.0,2.0
./Datasets\FFHQ\surprised\00529.png,3.0,FFHQ,640.0,640.0,572248.0,3.0,2.0
./Datasets\FFHQ\surprised\01276.png,3.0,FFHQ,640.0,640.0,561967.0,2.0,2.0
./Datasets\FFHQ\surprised\01456.png,3.0,FFHQ,640.0,640.0,542724.0,1.0,2.0
./Datasets\FFHQ\surprised\02681.png,3.0,FFHQ,640.0,640.0,716137.0,2.0,1.0
./Datasets\FFHQ\surprised\02781.png,3.0,FFHQ,640.0,640.0,573384.0,1.0,1.0
./Datasets\FFHQ\surprised\04025.png,3.0,FFHQ,640.0,640.0,570423.0,1.0,1.0
./Datasets\FFHQ\surprised\04285.png,3.0,FFHQ,640.0,640.0,639663.0,2.0,2.0
./Datasets\FFHQ\surprised\05340.png,3.0,FFHQ,640.0,640.0,592248.0,1.0,2.0
./Datasets\FFHQ\surprised\05412.png,3.0,FFHQ,640.0,640.0,578164.0,1.0,2.0
./Datasets\FFHQ\surprised\05421.png,3.0,FFHQ,640.0,640.0,594070.0,2.0,2.0
./Datasets\FFHQ\surprised\05440.png,3.0,FFHQ,640.0,640.0,619495.0,3.0,2.0
./Datasets\FFHQ\surprised\05574.png,3.0,FFHQ,640.0,640.0,534390.0,1.0,1.0
./Datasets\FFHQ\surprised\06104.png,3.0,FFHQ,640.0,640.0,521450.0,1.0,2.0
./Datasets\FFHQ\surprised\06109.png,3.0,FFHQ,640.0,640.0,593769.0,1.0,1.0
./Datasets\FFHQ\surprised\06116.png,3.0,FFHQ,640.0,640.0,629956.0,2.0,2.0
./Datasets\FFHQ\surprised\06310.png,3.0,FFHQ,640.0,640.0,619936.0,3.0,1.0
./Datasets\FFHQ\surprised\06334.png,3.0,FFHQ,640.0,640.0,526468.0,2.0,2.0
./Datasets\FFHQ\surprised\07009.png,3.0,FFHQ,640.0,640.0,646044.0,1.0,2.0
./Datasets\FFHQ\surprised\07113.png,3.0,FFHQ,640.0,640.0,601818.0,3.0,1.0
./Datasets\FFHQ\surprised\07439.png,3.0,FFHQ,640.0,640.0,688818.0,1.0,2.0
./Datasets\FFHQ\surprised\08000.png,3.0,FFHQ,640.0,640.0,575985.0,1.0,2.0
./Datasets\FFHQ\surprised\08241.png,3.0,FFHQ,640.0,640.0,598837.0,1.0,2.0
./Datasets\FFHQ\surprised\08490.png,3.0,FFHQ,640.0,640.0,582274.0,3.0,2.0
./Datasets\FFHQ\surprised\09120.png,3.0,FFHQ,640.0,640.0,303572.0,1.0,2.0
./Datasets\FFHQ\surprised\09233.png,3.0,FFHQ,640.0,640.0,326205.0,1.0,1.0
./Datasets\FFHQ\surprised\09888.png,3.0,FFHQ,640.0,640.0,769173.0,2.0,1.0
./Datasets\FFHQ\surprised\10981.png,3.0,FFHQ,640.0,640.0,510979.0,1.0,1.0
./Datasets\FFHQ\surprised\11009.png,3.0,FFHQ,640.0,640.0,654849.0,1.0,2.0
./Datasets\FFHQ\surprised\11240.png,3.0,FFHQ,640.0,640.0,449264.0,1.0,1.0
./Datasets\FFHQ\surprised\11266.png,3.0,FFHQ,640.0,640.0,506940.0,1.0,2.0
./Datasets\FFHQ\surprised\11437.png,3.0,FFHQ,640.0,640.0,495455.0,2.0,1.0
./Datasets\FFHQ\surprised\11982.png,3.0,FFHQ,640.0,640.0,409121.0,1.0,1.0
./Datasets\FFHQ\surprised\12431.png,3.0,FFHQ,640.0,640.0,325395.0,1.0,1.0
./Datasets\FFHQ\surprised\13060.png,3.0,FFHQ,640.0,640.0,562446.0,3.0,2.0
./Datasets\FFHQ\surprised\13079.png,3.0,FFHQ,640.0,640.0,563253.0,1.0,2.0
./Datasets\FFHQ\surprised\13140.png,3.0,FFHQ,640.0,640.0,525232.0,2.0,1.0
./Datasets\FFHQ\surprised\13267.png,3.0,FFHQ,640.0,640.0,619160.0,1.0,2.0
./Datasets\FFHQ\surprised\13455.png,3.0,FFHQ,640.0,640.0,570695.0,1.0,1.0
./Datasets\FFHQ\surprised\13497.png,3.0,FFHQ,640.0,640.0,579455.0,2.0,2.0
./Datasets\FFHQ\surprised\13550.png,3.0,FFHQ,640.0,640.0,601820.0,2.0,2.0
./Datasets\FFHQ\surprised\13612.png,3.0,FFHQ,640.0,640.0,524341.0,3.0,2.0
./Datasets\FFHQ\surprised\13626.png,3.0,FFHQ,640.0,640.0,569493.0,3.0,2.0
./Datasets\FFHQ\surprised\13735.png,3.0,FFHQ,640.0,640.0,572531.0,2.0,2.0
./Datasets\FFHQ\surprised\13740.png,3.0,FFHQ,640.0,640.0,643745.0,1.0,1.0
./Datasets\FFHQ\surprised\13933.png,3.0,FFHQ,640.0,640.0,517261.0,1.0,2.0
./Datasets\FFHQ\surprised\13976.png,3.0,FFHQ,640.0,640.0,601620.0,3.0,2.0
./Datasets\FFHQ\surprised\14214.png,3.0,FFHQ,640.0,640.0,651293.0,3.0,2.0
./Datasets\FFHQ\surprised\14627.png,3.0,FFHQ,640.0,640.0,611817.0,1.0,2.0
./Datasets\FFHQ\surprised\14699.png,3.0,FFHQ,640.0,640.0,627737.0,1.0,1.0
./Datasets\FFHQ\surprised\14788.png,3.0,FFHQ,640.0,640.0,586016.0,2.0,2.0
./Datasets\FFHQ\surprised\14865.png,3.0,FFHQ,640.0,640.0,629066.0,1.0,2.0
./Datasets\FFHQ\surprised\15230.png,3.0,FFHQ,640.0,640.0,609001.0,1.0,2.0
./Datasets\FFHQ\surprised\15406.png,3.0,FFHQ,640.0,640.0,578249.0,3.0,2.0
./Datasets\FFHQ\surprised\15429.png,3.0,FFHQ,640.0,640.0,623850.0,3.0,2.0
./Datasets\FFHQ\surprised\15443.png,3.0,FFHQ,640.0,640.0,619566.0,2.0,2.0
./Datasets\FFHQ\surprised\15482.png,3.0,FFHQ,640.0,640.0,632568.0,3.0,2.0
./Datasets\FFHQ\surprised\15687.png,3.0,FFHQ,640.0,640.0,546634.0,1.0,1.0
./Datasets\FFHQ\surprised\15756.png,3.0,FFHQ,640.0,640.0,540581.0,1.0,1.0
./Datasets\FFHQ\surprised\16054.png,3.0,FFHQ,640.0,640.0,552247.0,1.0,2.0
./Datasets\FFHQ\surprised\16299.png,3.0,FFHQ,640.0,640.0,660764.0,3.0,2.0
./Datasets\FFHQ\surprised\16803.png,3.0,FFHQ,640.0,640.0,574563.0,1.0,1.0
./Datasets\FFHQ\surprised\17021.png,3.0,FFHQ,640.0,640.0,521303.0,1.0,1.0
./Datasets\FFHQ\surprised\17132.png,3.0,FFHQ,640.0,640.0,616228.0,1.0,2.0
./Datasets\FFHQ\surprised\17308.png,3.0,FFHQ,640.0,640.0,558936.0,2.0,2.0
./Datasets\FFHQ\surprised\17361.png,3.0,FFHQ,640.0,640.0,698334.0,3.0,2.0
./Datasets\FFHQ\surprised\17375.png,3.0,FFHQ,640.0,640.0,529884.0,2.0,2.0
./Datasets\FFHQ\surprised\17717.png,3.0,FFHQ,640.0,640.0,598418.0,3.0,2.0
./Datasets\FFHQ\surprised\17785.png,3.0,FFHQ,640.0,640.0,628734.0,1.0,2.0
./Datasets\FFHQ\surprised\18188.png,3.0,FFHQ,640.0,640.0,603564.0,3.0,2.0
./Datasets\FFHQ\surprised\18242.png,3.0,FFHQ,640.0,640.0,440606.0,1.0,1.0
./Datasets\FFHQ\surprised\28067.png,3.0,FFHQ,640.0,640.0,629472.0,1.0,1.0
./Datasets\FFHQ\surprised\33048.png,3.0,FFHQ,640.0,640.0,546275.0,3.0,2.0
./Datasets\FFHQ\surprised\33057.png,3.0,FFHQ,640.0,640.0,614635.0,1.0,1.0
./Datasets\FFHQ\surprised\33669.png,3.0,FFHQ,640.0,640.0,558038.0,1.0,1.0
./Datasets\FFHQ\surprised\34062.png,3.0,FFHQ,640.0,640.0,601044.0,2.0,2.0
./Datasets\FFHQ\surprised\34117.png,3.0,FFHQ,640.0,640.0,595987.0,1.0,1.0
./Datasets\FFHQ\surprised\35254.png,3.0,FFHQ,640.0,640.0,609170.0,2.0,2.0
./Datasets\FFHQ\surprised\36139.png,3.0,FFHQ,640.0,640.0,570132.0,1.0,1.0
./Datasets\FFHQ\surprised\37319.png,3.0,FFHQ,640.0,640.0,692991.0,1.0,2.0
./Datasets\FFHQ\surprised\38037.png,3.0,FFHQ,640.0,640.0,521508.0,1.0,1.0
./Datasets\FFHQ\surprised\38796.png,3.0,FFHQ,640.0,640.0,581997.0,1.0,2.0
./Datasets\FFHQ\surprised\38988.png,3.0,FFHQ,640.0,640.0,595393.0,1.0,2.0
./Datasets\FFHQ\surprised\38993.png,3.0,FFHQ,640.0,640.0,520347.0,1.0,2.0
./Datasets\FFHQ\surprised\39460.png,3.0,FFHQ,640.0,640.0,576600.0,2.0,1.0
./Datasets\FFHQ\surprised\39707.png,3.0,FFHQ,640.0,640.0,598224.0,2.0,2.0
./Datasets\FFHQ\surprised\42844.png,3.0,FFHQ,640.0,640.0,586373.0,1.0,2.0
./Datasets\FFHQ\surprised\58085.png,3.0,FFHQ,640.0,640.0,570635.0,1.0,1.0
./Datasets\FFHQ\surprised\58160.png,3.0,FFHQ,640.0,640.0,621084.0,3.0,2.0
./Datasets\FFHQ\surprised\58510.png,3.0,FFHQ,640.0,640.0,624705.0,1.0,1.0
./Datasets\FFHQ\surprised\58616.png,3.0,FFHQ,640.0,640.0,670412.0,3.0,2.0
./Datasets\FFHQ\surprised\58691.png,3.0,FFHQ,640.0,640.0,553435.0,2.0,2.0
./Datasets\FFHQ\surprised\58694.png,3.0,FFHQ,640.0,640.0,568610.0,2.0,2.0
./Datasets\FFHQ\surprised\58704.png,3.0,FFHQ,640.0,640.0,617595.0,2.0,1.0
./Datasets\FFHQ\surprised\58771.png,3.0,FFHQ,640.0,640.0,626969.0,2.0,1.0
./Datasets\FFHQ\surprised\58773.png,3.0,FFHQ,640.0,640.0,482513.0,3.0,2.0
./Datasets\FFHQ\surprised\58802.png,3.0,FFHQ,640.0,640.0,643786.0,2.0,2.0
./Datasets\FFHQ\surprised\58810.png,3.0,FFHQ,640.0,640.0,603004.0,3.0,1.0
./Datasets\FFHQ\surprised\58811.png,3.0,FFHQ,640.0,640.0,552921.0,2.0,2.0
./Datasets\FFHQ\surprised\58902.png,3.0,FFHQ,640.0,640.0,542399.0,1.0,2.0
./Datasets\FFHQ\surprised\58909.png,3.0,FFHQ,640.0,640.0,548504.0,2.0,2.0
./Datasets\FFHQ\surprised\58984.png,3.0,FFHQ,640.0,640.0,630540.0,3.0,2.0
./Datasets\FFHQ\surprised\59001.png,3.0,FFHQ,640.0,640.0,534270.0,3.0,1.0
./Datasets\FFHQ\surprised\59052.png,3.0,FFHQ,640.0,640.0,557901.0,1.0,1.0
./Datasets\FFHQ\surprised\59098.png,3.0,FFHQ,640.0,640.0,700495.0,2.0,1.0
./Datasets\FFHQ\surprised\59160.png,3.0,FFHQ,640.0,640.0,545251.0,2.0,1.0
./Datasets\FFHQ\surprised\59168.png,3.0,FFHQ,640.0,640.0,596000.0,2.0,2.0
./Datasets\FFHQ\surprised\59193.png,3.0,FFHQ,640.0,640.0,671195.0,3.0,1.0
./Datasets\FFHQ\surprised\59227.png,3.0,FFHQ,640.0,640.0,423707.0,2.0,1.0
./Datasets\FFHQ\surprised\59285.png,3.0,FFHQ,640.0,640.0,474460.0,2.0,2.0
./Datasets\FFHQ\surprised\59295.png,3.0,FFHQ,640.0,640.0,610061.0,3.0,2.0
./Datasets\FFHQ\surprised\59472.png,3.0,FFHQ,640.0,640.0,570972.0,1.0,2.0
./Datasets\FFHQ\surprised\59484.png,3.0,FFHQ,640.0,640.0,433013.0,2.0,2.0
./Datasets\FFHQ\surprised\59555.png,3.0,FFHQ,640.0,640.0,584024.0,1.0,1.0
./Datasets\FFHQ\surprised\59563.png,3.0,FFHQ,640.0,640.0,592327.0,1.0,1.0
./Datasets\FFHQ\surprised\59704.png,3.0,FFHQ,640.0,640.0,516912.0,3.0,2.0
./Datasets\FFHQ\surprised\59739.png,3.0,FFHQ,640.0,640.0,549599.0,2.0,1.0
./Datasets\FFHQ\surprised\59779.png,3.0,FFHQ,640.0,640.0,507246.0,2.0,1.0
./Datasets\FFHQ\surprised\59792.png,3.0,FFHQ,640.0,640.0,629198.0,1.0,1.0
./Datasets\FFHQ\surprised\59794.png,3.0,FFHQ,640.0,640.0,635345.0,1.0,2.0
./Datasets\FFHQ\surprised\59865.png,3.0,FFHQ,640.0,640.0,458443.0,2.0,2.0
./Datasets\FFHQ\surprised\59912.png,3.0,FFHQ,640.0,640.0,476183.0,3.0,2.0
./Datasets\FFHQ\surprised\59930.png,3.0,FFHQ,640.0,640.0,554841.0,3.0,2.0
./Datasets\FFHQ\surprised\59953.png,3.0,FFHQ,640.0,640.0,508333.0,1.0,2.0
./Datasets\FFHQ\surprised\59991.png,3.0,FFHQ,640.0,640.0,623521.0,1.0,2.0
./Datasets\FFHQ\surprised\59992.png,3.0,FFHQ,640.0,640.0,594630.0,3.0,1.0
./Datasets\FFHQ\surprised\59993.png,3.0,FFHQ,640.0,640.0,679695.0,3.0,2.0
./Datasets\FFHQ\surprised\60010.png,3.0,FFHQ,640.0,640.0,553218.0,2.0,2.0
./Datasets\FFHQ\surprised\60071.png,3.0,FFHQ,640.0,640.0,604484.0,2.0,1.0
./Datasets\FFHQ\surprised\60114.png,3.0,FFHQ,640.0,640.0,601964.0,2.0,1.0
./Datasets\FFHQ\surprised\60150.png,3.0,FFHQ,640.0,640.0,549316.0,2.0,2.0
./Datasets\FFHQ\surprised\60186.png,3.0,FFHQ,640.0,640.0,532832.0,1.0,1.0
./Datasets\FFHQ\surprised\60298.png,3.0,FFHQ,640.0,640.0,410552.0,2.0,2.0
./Datasets\FFHQ\surprised\60310.png,3.0,FFHQ,640.0,640.0,636176.0,2.0,1.0
./Datasets\FFHQ\surprised\60659.png,3.0,FFHQ,640.0,640.0,560090.0,2.0,1.0
./Datasets\FFHQ\surprised\60661.png,3.0,FFHQ,640.0,640.0,716111.0,1.0,2.0
./Datasets\FFHQ\surprised\60737.png,3.0,FFHQ,640.0,640.0,556812.0,1.0,1.0
./Datasets\FFHQ\surprised\60738.png,3.0,FFHQ,640.0,640.0,619899.0,1.0,1.0
./Datasets\FFHQ\surprised\60749.png,3.0,FFHQ,640.0,640.0,617410.0,1.0,1.0
./Datasets\FFHQ\surprised\60784.png,3.0,FFHQ,640.0,640.0,619016.0,2.0,1.0
./Datasets\FFHQ\surprised\60863.png,3.0,FFHQ,640.0,640.0,565452.0,2.0,2.0
./Datasets\FFHQ\surprised\60891.png,3.0,FFHQ,640.0,640.0,560048.0,2.0,2.0
./Datasets\FFHQ\surprised\60954.png,3.0,FFHQ,640.0,640.0,615098.0,1.0,2.0
./Datasets\FFHQ\surprised\60968.png,3.0,FFHQ,640.0,640.0,515770.0,1.0,1.0
./Datasets\FFHQ\surprised\61000.png,3.0,FFHQ,640.0,640.0,629286.0,2.0,2.0
./Datasets\FFHQ\surprised\61158.png,3.0,FFHQ,640.0,640.0,507299.0,2.0,2.0
./Datasets\FFHQ\surprised\61274.png,3.0,FFHQ,640.0,640.0,541949.0,3.0,1.0
./Datasets\FFHQ\surprised\61280.png,3.0,FFHQ,640.0,640.0,598131.0,1.0,1.0
./Datasets\FFHQ\surprised\61301.png,3.0,FFHQ,640.0,640.0,589465.0,2.0,2.0
./Datasets\FFHQ\surprised\61372.png,3.0,FFHQ,640.0,640.0,483545.0,2.0,2.0
./Datasets\FFHQ\surprised\61435.png,3.0,FFHQ,640.0,640.0,623989.0,3.0,2.0
./Datasets\FFHQ\surprised\61463.png,3.0,FFHQ,640.0,640.0,611784.0,3.0,2.0
./Datasets\FFHQ\surprised\61540.png,3.0,FFHQ,640.0,640.0,603117.0,3.0,1.0
./Datasets\FFHQ\surprised\61556.png,3.0,FFHQ,640.0,640.0,645129.0,2.0,1.0
./Datasets\FFHQ\surprised\61593.png,3.0,FFHQ,640.0,640.0,605830.0,1.0,1.0
./Datasets\FFHQ\surprised\61634.png,3.0,FFHQ,640.0,640.0,533514.0,1.0,2.0
./Datasets\FFHQ\surprised\61755.png,3.0,FFHQ,640.0,640.0,558839.0,3.0,2.0
./Datasets\FFHQ\surprised\61790.png,3.0,FFHQ,640.0,640.0,521509.0,2.0,2.0
./Datasets\FFHQ\surprised\61801.png,3.0,FFHQ,640.0,640.0,600229.0,1.0,1.0
./Datasets\FFHQ\surprised\61838.png,3.0,FFHQ,640.0,640.0,547705.0,1.0,1.0
./Datasets\FFHQ\surprised\61855.png,3.0,FFHQ,640.0,640.0,585683.0,1.0,2.0
./Datasets\FFHQ\surprised\61911.png,3.0,FFHQ,640.0,640.0,589303.0,2.0,2.0
./Datasets\FFHQ\surprised\61940.png,3.0,FFHQ,640.0,640.0,378506.0,2.0,2.0
./Datasets\FFHQ\surprised\61955.png,3.0,FFHQ,640.0,640.0,632272.0,1.0,2.0
./Datasets\FFHQ\surprised\62062.png,3.0,FFHQ,640.0,640.0,651326.0,1.0,1.0
./Datasets\FFHQ\surprised\62104.png,3.0,FFHQ,640.0,640.0,592143.0,1.0,1.0
./Datasets\FFHQ\surprised\62281.png,3.0,FFHQ,640.0,640.0,555977.0,2.0,2.0
./Datasets\FFHQ\surprised\62363.png,3.0,FFHQ,640.0,640.0,650061.0,1.0,1.0
./Datasets\FFHQ\surprised\62413.png,3.0,FFHQ,640.0,640.0,504131.0,1.0,1.0
./Datasets\FFHQ\surprised\62457.png,3.0,FFHQ,640.0,640.0,578560.0,1.0,2.0
./Datasets\FFHQ\surprised\62523.png,3.0,FFHQ,640.0,640.0,626695.0,2.0,2.0
./Datasets\FFHQ\surprised\62539.png,3.0,FFHQ,640.0,640.0,674172.0,1.0,2.0
./Datasets\FFHQ\surprised\62565.png,3.0,FFHQ,640.0,640.0,710636.0,2.0,1.0
./Datasets\FFHQ\surprised\62832.png,3.0,FFHQ,640.0,640.0,675120.0,1.0,2.0
./Datasets\FFHQ\surprised\62848.png,3.0,FFHQ,640.0,640.0,424697.0,2.0,2.0
./Datasets\FFHQ\surprised\62865.png,3.0,FFHQ,640.0,640.0,608740.0,2.0,2.0
./Datasets\FFHQ\surprised\62879.png,3.0,FFHQ,640.0,640.0,555635.0,3.0,1.0
./Datasets\FFHQ\surprised\62888.png,3.0,FFHQ,640.0,640.0,613159.0,2.0,1.0
./Datasets\FFHQ\surprised\62912.png,3.0,FFHQ,640.0,640.0,592032.0,3.0,2.0
./Datasets\FFHQ\surprised\62932.png,3.0,FFHQ,640.0,640.0,646755.0,2.0,2.0
./Datasets\FFHQ\surprised\62964.png,3.0,FFHQ,640.0,640.0,583970.0,1.0,1.0
./Datasets\FFHQ\surprised\63037.png,3.0,FFHQ,640.0,640.0,539425.0,2.0,2.0
./Datasets\FFHQ\surprised\63038.png,3.0,FFHQ,640.0,640.0,615815.0,2.0,2.0
./Datasets\FFHQ\surprised\63039.png,3.0,FFHQ,640.0,640.0,601881.0,2.0,1.0
./Datasets\FFHQ\surprised\63040.png,3.0,FFHQ,640.0,640.0,552781.0,2.0,1.0
./Datasets\FFHQ\surprised\63089.png,3.0,FFHQ,640.0,640.0,607062.0,2.0,1.0
./Datasets\FFHQ\surprised\63097.png,3.0,FFHQ,640.0,640.0,570606.0,3.0,2.0
./Datasets\FFHQ\surprised\63106.png,3.0,FFHQ,640.0,640.0,637553.0,2.0,1.0
./Datasets\FFHQ\surprised\63107.png,3.0,FFHQ,640.0,640.0,603683.0,3.0,1.0
./Datasets\FFHQ\surprised\63278.png,3.0,FFHQ,640.0,640.0,614011.0,1.0,1.0
./Datasets\FFHQ\surprised\63279.png,3.0,FFHQ,640.0,640.0,603177.0,1.0,2.0
./Datasets\FFHQ\surprised\63292.png,3.0,FFHQ,640.0,640.0,518340.0,1.0,2.0
./Datasets\FFHQ\surprised\63305.png,3.0,FFHQ,640.0,640.0,542924.0,3.0,2.0
./Datasets\FFHQ\surprised\63352.png,3.0,FFHQ,640.0,640.0,579284.0,3.0,1.0
./Datasets\FFHQ\surprised\63448.png,3.0,FFHQ,640.0,640.0,559806.0,1.0,2.0
./Datasets\FFHQ\surprised\63474.png,3.0,FFHQ,640.0,640.0,554945.0,1.0,2.0
./Datasets\FFHQ\surprised\63578.png,3.0,FFHQ,640.0,640.0,698052.0,1.0,2.0
./Datasets\FFHQ\surprised\63587.png,3.0,FFHQ,640.0,640.0,575144.0,1.0,2.0
./Datasets\FFHQ\surprised\63648.png,3.0,FFHQ,640.0,640.0,538822.0,1.0,2.0
./Datasets\FFHQ\surprised\63662.png,3.0,FFHQ,640.0,640.0,506636.0,2.0,1.0
./Datasets\FFHQ\surprised\63689.png,3.0,FFHQ,640.0,640.0,521579.0,2.0,2.0
./Datasets\FFHQ\surprised\63707.png,3.0,FFHQ,640.0,640.0,633834.0,1.0,2.0
./Datasets\FFHQ\surprised\63719.png,3.0,FFHQ,640.0,640.0,647420.0,3.0,2.0
./Datasets\FFHQ\surprised\63785.png,3.0,FFHQ,640.0,640.0,581105.0,3.0,2.0
./Datasets\FFHQ\surprised\63835.png,3.0,FFHQ,640.0,640.0,382357.0,2.0,2.0
./Datasets\FFHQ\surprised\63844.png,3.0,FFHQ,640.0,640.0,416249.0,2.0,2.0
./Datasets\FFHQ\surprised\63888.png,3.0,FFHQ,640.0,640.0,590266.0,2.0,1.0
./Datasets\FFHQ\surprised\63891.png,3.0,FFHQ,640.0,640.0,610664.0,3.0,1.0
./Datasets\FFHQ\surprised\63892.png,3.0,FFHQ,640.0,640.0,605698.0,1.0,1.0
./Datasets\FFHQ\surprised\63899.png,3.0,FFHQ,640.0,640.0,638900.0,1.0,2.0
./Datasets\FFHQ\surprised\63903.png,3.0,FFHQ,640.0,640.0,507132.0,3.0,2.0
./Datasets\FFHQ\surprised\63904.png,3.0,FFHQ,640.0,640.0,595346.0,1.0,2.0
./Datasets\FFHQ\surprised\63905.png,3.0,FFHQ,640.0,640.0,596428.0,3.0,2.0
./Datasets\FFHQ\surprised\63907.png,3.0,FFHQ,640.0,640.0,616694.0,3.0,2.0
./Datasets\FFHQ\surprised\63908.png,3.0,FFHQ,640.0,640.0,648378.0,1.0,2.0
./Datasets\FFHQ\surprised\63922.png,3.0,FFHQ,640.0,640.0,591141.0,2.0,2.0
./Datasets\FFHQ\surprised\63979.png,3.0,FFHQ,640.0,640.0,613187.0,1.0,1.0
./Datasets\FFHQ\surprised\63991.png,3.0,FFHQ,640.0,640.0,526886.0,2.0,2.0
./Datasets\FFHQ\surprised\64046.png,3.0,FFHQ,640.0,640.0,556182.0,1.0,2.0
./Datasets\FFHQ\surprised\64149.png,3.0,FFHQ,640.0,640.0,606991.0,1.0,1.0
./Datasets\FFHQ\surprised\64473.png,3.0,FFHQ,640.0,640.0,587712.0,2.0,2.0
./Datasets\FFHQ\surprised\64481.png,3.0,FFHQ,640.0,640.0,652583.0,1.0,1.0
./Datasets\FFHQ\surprised\64490.png,3.0,FFHQ,640.0,640.0,400458.0,1.0,1.0
./Datasets\FFHQ\surprised\64532.png,3.0,FFHQ,640.0,640.0,615127.0,3.0,2.0
./Datasets\FFHQ\surprised\64647.png,3.0,FFHQ,640.0,640.0,544711.0,1.0,1.0
./Datasets\FFHQ\surprised\64650.png,3.0,FFHQ,640.0,640.0,672196.0,3.0,2.0
./Datasets\FFHQ\surprised\64884.png,3.0,FFHQ,640.0,640.0,557828.0,1.0,1.0
./Datasets\FFHQ\surprised\64891.png,3.0,FFHQ,640.0,640.0,697184.0,1.0,1.0
./Datasets\FFHQ\surprised\64956.png,3.0,FFHQ,640.0,640.0,564882.0,2.0,1.0
./Datasets\FFHQ\surprised\65045.png,3.0,FFHQ,640.0,640.0,607452.0,2.0,2.0
./Datasets\FFHQ\surprised\65137.png,3.0,FFHQ,640.0,640.0,578657.0,1.0,1.0
./Datasets\FFHQ\surprised\65231.png,3.0,FFHQ,640.0,640.0,362445.0,1.0,1.0
./Datasets\FFHQ\surprised\65232.png,3.0,FFHQ,640.0,640.0,587025.0,2.0,1.0
./Datasets\FFHQ\surprised\65257.png,3.0,FFHQ,640.0,640.0,473642.0,2.0,2.0
./Datasets\FFHQ\surprised\65323.png,3.0,FFHQ,640.0,640.0,544100.0,1.0,2.0
./Datasets\FFHQ\surprised\65336.png,3.0,FFHQ,640.0,640.0,634503.0,2.0,1.0
./Datasets\FFHQ\surprised\65561.png,3.0,FFHQ,640.0,640.0,553097.0,2.0,2.0
./Datasets\FFHQ\surprised\65672.png,3.0,FFHQ,640.0,640.0,628635.0,1.0,1.0
./Datasets\FFHQ\surprised\65684.png,3.0,FFHQ,640.0,640.0,556152.0,3.0,2.0
./Datasets\FFHQ\surprised\65873.png,3.0,FFHQ,640.0,640.0,531523.0,2.0,2.0
./Datasets\FFHQ\surprised\65944.png,3.0,FFHQ,640.0,640.0,586509.0,1.0,1.0
./Datasets\FFHQ\surprised\65950.png,3.0,FFHQ,640.0,640.0,693228.0,2.0,1.0
./Datasets\FFHQ\surprised\66019.png,3.0,FFHQ,640.0,640.0,670117.0,2.0,2.0
./Datasets\FFHQ\surprised\66067.png,3.0,FFHQ,640.0,640.0,663650.0,2.0,2.0
./Datasets\FFHQ\surprised\66385.png,3.0,FFHQ,640.0,640.0,528292.0,1.0,1.0
./Datasets\FFHQ\surprised\66497.png,3.0,FFHQ,640.0,640.0,645583.0,2.0,2.0
./Datasets\FFHQ\surprised\66518.png,3.0,FFHQ,640.0,640.0,600777.0,2.0,1.0
./Datasets\FFHQ\surprised\66525.png,3.0,FFHQ,640.0,640.0,650428.0,3.0,2.0
./Datasets\FFHQ\surprised\66825.png,3.0,FFHQ,640.0,640.0,588166.0,1.0,1.0
./Datasets\FFHQ\surprised\66850.png,3.0,FFHQ,640.0,640.0,597060.0,1.0,1.0
./Datasets\FFHQ\surprised\66951.png,3.0,FFHQ,640.0,640.0,567599.0,3.0,2.0
./Datasets\FFHQ\surprised\66987.png,3.0,FFHQ,640.0,640.0,613356.0,1.0,1.0
./Datasets\FFHQ\surprised\67171.png,3.0,FFHQ,640.0,640.0,536752.0,1.0,1.0
./Datasets\FFHQ\surprised\67444.png,3.0,FFHQ,640.0,640.0,633381.0,1.0,2.0
./Datasets\FFHQ\surprised\68020.png,3.0,FFHQ,640.0,640.0,612058.0,1.0,2.0
./Datasets\FFHQ\surprised\68693.png,3.0,FFHQ,640.0,640.0,613965.0,3.0,2.0
./Datasets\FFHQ\surprised\68982.png,3.0,FFHQ,640.0,640.0,595399.0,3.0,2.0
./Datasets\FFHQ\surprised\69027.png,3.0,FFHQ,640.0,640.0,581186.0,1.0,1.0
./Datasets\FFHQ\surprised\69045.png,3.0,FFHQ,640.0,640.0,449202.0,2.0,2.0
./Datasets\FFHQ\surprised\69097.png,3.0,FFHQ,640.0,640.0,548085.0,3.0,2.0
./Datasets\FFHQ\surprised\69103.png,3.0,FFHQ,640.0,640.0,591451.0,2.0,1.0
./Datasets\FFHQ\surprised\69621.png,3.0,FFHQ,640.0,640.0,517019.0,2.0,1.0
./Datasets\FFHQ\surprised\69629.png,3.0,FFHQ,640.0,640.0,624513.0,1.0,2.0
./Datasets\FFHQ\surprised\69649.png,3.0,FFHQ,640.0,640.0,612382.0,1.0,1.0
./Datasets\FFHQ\surprised\69687.png,3.0,FFHQ,640.0,640.0,625050.0,3.0,1.0
./Datasets\FFHQ\surprised\69737.png,3.0,FFHQ,640.0,640.0,607089.0,2.0,1.0
./Datasets\FFHQ\surprised\69843.png,3.0,FFHQ,640.0,640.0,472590.0,2.0,1.0
./Datasets\FFHQ\surprised\69865.png,3.0,FFHQ,640.0,640.0,373536.0,1.0,2.0
./Datasets\FFHQ\surprised\69876.png,3.0,FFHQ,640.0,640.0,569946.0,3.0,1.0
./Datasets\FFHQ\surprised\69885.png,3.0,FFHQ,640.0,640.0,682458.0,3.0,2.0
./Datasets\FFHQ\surprised\69920.png,3.0,FFHQ,640.0,640.0,587946.0,2.0,1.0
./Datasets\FFHQ\surprised\69950.png,3.0,FFHQ,640.0,640.0,581496.0,2.0,1.0
./Datasets\FFHQ\surprised\69966.png,3.0,FFHQ,640.0,640.0,516453.0,1.0,2.0
./Datasets\FFHQ\surprised\69986.png,3.0,FFHQ,640.0,640.0,610951.0,1.0,1.0
./Datasets\FFHQ\surprised\69997.png,3.0,FFHQ,640.0,640.0,539558.0,2.0,2.0
./Datasets\OSF\happy\DST_002_F_HPY.jpg,1.0,OSF,640.0,640.0,28200.0,1.0,2.0
./Datasets\OSF\happy\DST_004_F_HPY.jpg,1.0,OSF,640.0,640.0,27399.0,1.0,1.0
./Datasets\OSF\happy\DST_005_F_HPY.jpg,1.0,OSF,640.0,640.0,28027.0,1.0,1.0
./Datasets\OSF\happy\DST_009_F_HPY.jpg,1.0,OSF,640.0,640.0,31177.0,2.0,1.0
./Datasets\OSF\happy\DST_010_M_HPY.jpg,1.0,OSF,640.0,640.0,28232.0,2.0,2.0
./Datasets\OSF\happy\DST_012_M_HPY.jpg,1.0,OSF,640.0,640.0,25692.0,2.0,2.0
./Datasets\OSF\happy\DST_013_M_HPY.jpg,1.0,OSF,640.0,640.0,29165.0,2.0,2.0
./Datasets\OSF\happy\DST_015_M_HPY.jpg,1.0,OSF,640.0,640.0,28814.0,1.0,2.0
./Datasets\OSF\happy\DST_016_M_HPY.jpg,1.0,OSF,640.0,640.0,28430.0,1.0,2.0
./Datasets\OSF\happy\DST_017_F_HPY.jpg,1.0,OSF,640.0,640.0,27008.0,1.0,1.0
./Datasets\OSF\happy\DST_018_M_HPY.jpg,1.0,OSF,640.0,640.0,27348.0,1.0,2.0
./Datasets\OSF\happy\DST_020_M_HPY.jpg,1.0,OSF,640.0,640.0,23491.0,1.0,2.0
./Datasets\OSF\happy\DST_022_M_HPY.jpg,1.0,OSF,640.0,640.0,26910.0,1.0,2.0
./Datasets\OSF\happy\DST_023_F_HPY.jpg,1.0,OSF,640.0,640.0,27872.0,1.0,1.0
./Datasets\OSF\happy\DST_024_F_HPY.jpg,1.0,OSF,640.0,640.0,26893.0,1.0,1.0
./Datasets\OSF\happy\DST_025_F_HPY.jpg,1.0,OSF,640.0,640.0,27223.0,1.0,1.0
./Datasets\OSF\happy\DST_026_M_HPY.jpg,1.0,OSF,640.0,640.0,31127.0,1.0,2.0
./Datasets\OSF\happy\DST_027_F_HPY.jpg,1.0,OSF,640.0,640.0,28074.0,2.0,1.0
./Datasets\OSF\happy\DST_029_F_HPY.jpg,1.0,OSF,640.0,640.0,25900.0,1.0,1.0
./Datasets\OSF\happy\DST_030_M_HPY.jpg,1.0,OSF,640.0,640.0,31571.0,2.0,2.0
./Datasets\OSF\happy\DST_031_M_HPY.jpg,1.0,OSF,640.0,640.0,31623.0,1.0,2.0
./Datasets\OSF\happy\DST_032_F_HPY.jpg,1.0,OSF,640.0,640.0,26278.0,1.0,1.0
./Datasets\OSF\happy\DST_036_F_HPY.jpg,1.0,OSF,640.0,640.0,26312.0,1.0,1.0
./Datasets\OSF\happy\DST_040_F_HPY.jpg,1.0,OSF,640.0,640.0,26194.0,1.0,1.0
./Datasets\OSF\happy\DST_041_M_HPY.jpg,1.0,OSF,640.0,640.0,26368.0,1.0,2.0
./Datasets\OSF\happy\DST_042_F_HPY.jpg,1.0,OSF,640.0,640.0,26433.0,2.0,1.0
./Datasets\OSF\happy\DST_043_M_HPY.jpg,1.0,OSF,640.0,640.0,28249.0,2.0,2.0
./Datasets\OSF\happy\DST_046_F_HPY.jpg,1.0,OSF,640.0,640.0,27036.0,1.0,1.0
./Datasets\OSF\happy\DST_047_M_HPY.jpg,1.0,OSF,640.0,640.0,27577.0,2.0,2.0
./Datasets\OSF\happy\DST_048_M_HPY.jpg,1.0,OSF,640.0,640.0,26376.0,1.0,2.0
./Datasets\OSF\happy\DST_051_M_HPY.jpg,1.0,OSF,640.0,640.0,25889.0,1.0,2.0
./Datasets\OSF\happy\DST_056_M_HPY.jpg,1.0,OSF,640.0,640.0,26392.0,2.0,2.0
./Datasets\OSF\happy\DST_064_M_HPY.jpg,1.0,OSF,640.0,640.0,29988.0,1.0,2.0
./Datasets\OSF\happy\DST_065_F_HPY.jpg,1.0,OSF,640.0,640.0,28610.0,1.0,1.0
./Datasets\OSF\happy\DST_068_M_HPY.jpg,1.0,OSF,640.0,640.0,29889.0,1.0,2.0
./Datasets\OSF\happy\DST_071_M_HPY.jpg,1.0,OSF,640.0,640.0,27749.0,1.0,2.0
./Datasets\OSF\happy\DST_074_M_HPY.jpg,1.0,OSF,640.0,640.0,27583.0,1.0,2.0
./Datasets\OSF\happy\DST_077_M_HPY.jpg,1.0,OSF,640.0,640.0,29310.0,1.0,2.0
./Datasets\OSF\happy\DST_079_M_HPY.jpg,1.0,OSF,640.0,640.0,28051.0,1.0,2.0
./Datasets\OSF\happy\DST_081_M_HPY.jpg,1.0,OSF,640.0,640.0,27635.0,1.0,2.0
./Datasets\OSF\happy\DST_083_M_HPY.jpg,1.0,OSF,640.0,640.0,29287.0,1.0,2.0
./Datasets\OSF\happy\DST_084_M_HPY.jpg,1.0,OSF,640.0,640.0,31296.0,1.0,2.0
./Datasets\OSF\happy\DST_086_M_HPY.jpg,1.0,OSF,640.0,640.0,29975.0,1.0,2.0
./Datasets\OSF\happy\DST_088_M_HPY.jpg,1.0,OSF,640.0,640.0,30048.0,1.0,2.0
./Datasets\OSF\happy\DST_089_M_HPY.jpg,1.0,OSF,640.0,640.0,29557.0,2.0,2.0
./Datasets\OSF\happy\DST_090_M_HPY.jpg,1.0,OSF,640.0,640.0,30825.0,1.0,2.0
./Datasets\OSF\happy\DST_091_M_HPY.jpg,1.0,OSF,640.0,640.0,30446.0,1.0,2.0
./Datasets\OSF\happy\DST_093_M_HPY.jpg,1.0,OSF,640.0,640.0,29141.0,1.0,2.0
./Datasets\OSF\happy\DST_096_M_HPY.jpg,1.0,OSF,640.0,640.0,26483.0,1.0,2.0
./Datasets\OSF\happy\DST_097_M_HPY.jpg,1.0,OSF,640.0,640.0,32333.0,1.0,2.0
./Datasets\OSF\happy\DST_098_M_HPY.jpg,1.0,OSF,640.0,640.0,28966.0,1.0,2.0
./Datasets\OSF\happy\DST_099_M_HPY.jpg,1.0,OSF,640.0,640.0,29674.0,1.0,2.0
./Datasets\OSF\happy\DST_103_M_HPY.jpg,1.0,OSF,640.0,640.0,31166.0,1.0,2.0
./Datasets\OSF\happy\DST_105_M_HPY.jpg,1.0,OSF,640.0,640.0,32405.0,1.0,2.0
./Datasets\OSF\happy\DST_106_M_HPY.jpg,1.0,OSF,640.0,640.0,31465.0,1.0,2.0
./Datasets\OSF\happy\DST_108_M_HPY.jpg,1.0,OSF,640.0,640.0,29940.0,1.0,2.0
./Datasets\OSF\happy\DST_110_M_HPY.jpg,1.0,OSF,640.0,640.0,27348.0,1.0,2.0
./Datasets\OSF\happy\DST_114_M_HPY.jpg,1.0,OSF,640.0,640.0,28540.0,1.0,2.0
./Datasets\OSF\happy\DST_115_M_HPY.jpg,1.0,OSF,640.0,640.0,26660.0,1.0,2.0
./Datasets\OSF\happy\DST_116_M_HPY.jpg,1.0,OSF,640.0,640.0,28449.0,1.0,2.0
./Datasets\OSF\happy\DST_118_M_HPY.jpg,1.0,OSF,640.0,640.0,27376.0,1.0,2.0
./Datasets\OSF\happy\DST_119_M_HPY.jpg,1.0,OSF,640.0,640.0,32554.0,1.0,2.0
./Datasets\OSF\happy\DST_120_M_HPY.jpg,1.0,OSF,640.0,640.0,30109.0,1.0,2.0
./Datasets\OSF\happy\DST_122_M_HPY.jpg,1.0,OSF,640.0,640.0,30707.0,1.0,2.0
./Datasets\OSF\happy\DST_123_F_HPY.jpg,1.0,OSF,640.0,640.0,24133.0,1.0,1.0
./Datasets\OSF\happy\DST_124_F_HPY.jpg,1.0,OSF,640.0,640.0,24159.0,1.0,1.0
./Datasets\OSF\happy\DST_126_F_HPY.jpg,1.0,OSF,640.0,640.0,23334.0,1.0,1.0
./Datasets\OSF\happy\DST_128_F_HPY.jpg,1.0,OSF,640.0,640.0,26120.0,1.0,1.0
./Datasets\OSF\happy\DST_129_F_HPY.jpg,1.0,OSF,640.0,640.0,24181.0,1.0,1.0
./Datasets\OSF\happy\DST_130_F_HPY.jpg,1.0,OSF,640.0,640.0,26912.0,1.0,1.0
./Datasets\OSF\happy\DST_131_F_HPY.jpg,1.0,OSF,640.0,640.0,26950.0,1.0,1.0
./Datasets\OSF\happy\DST_133_F_HPY.jpg,1.0,OSF,640.0,640.0,26332.0,1.0,1.0
./Datasets\OSF\happy\DST_135_F_HPY.jpg,1.0,OSF,640.0,640.0,25144.0,1.0,1.0
./Datasets\OSF\happy\DST_136_F_HPY.jpg,1.0,OSF,640.0,640.0,27141.0,1.0,1.0
./Datasets\OSF\happy\DST_137_F_HPY.jpg,1.0,OSF,640.0,640.0,25657.0,1.0,1.0
./Datasets\OSF\happy\DST_138_F_HPY.jpg,1.0,OSF,640.0,640.0,28517.0,1.0,1.0
./Datasets\OSF\happy\DST_142_F_HPY.jpg,1.0,OSF,640.0,640.0,26868.0,1.0,1.0
./Datasets\OSF\happy\DST_145_F_HPY.jpg,1.0,OSF,640.0,640.0,26486.0,1.0,1.0
./Datasets\OSF\happy\DST_146_F_HPY.jpg,1.0,OSF,640.0,640.0,26093.0,1.0,1.0
./Datasets\OSF\happy\DST_147_F_HPY.jpg,1.0,OSF,640.0,640.0,26724.0,1.0,1.0
./Datasets\OSF\happy\DST_149_F_HPY.jpg,1.0,OSF,640.0,640.0,28265.0,1.0,1.0
./Datasets\OSF\happy\DST_157_F_HPY.jpg,1.0,OSF,640.0,640.0,29301.0,1.0,1.0
./Datasets\OSF\happy\DST_158_F_HPY.jpg,1.0,OSF,640.0,640.0,27826.0,1.0,1.0
./Datasets\OSF\happy\DST_159_F_HPY.jpg,1.0,OSF,640.0,640.0,28025.0,1.0,1.0
./Datasets\OSF\happy\DST_161_F_HPY.jpg,1.0,OSF,640.0,640.0,24394.0,1.0,1.0
./Datasets\OSF\happy\DST_162_F_HPY.jpg,1.0,OSF,640.0,640.0,25915.0,1.0,1.0
./Datasets\OSF\happy\DST_163_F_HPY.jpg,1.0,OSF,640.0,640.0,26637.0,1.0,1.0
./Datasets\OSF\happy\DST_164_F_HPY.jpg,1.0,OSF,640.0,640.0,26685.0,1.0,1.0
./Datasets\OSF\happy\DST_167_F_HPY.jpg,1.0,OSF,640.0,640.0,28928.0,1.0,1.0
./Datasets\OSF\happy\DST_170_F_HPY.jpg,1.0,OSF,640.0,640.0,23047.0,1.0,1.0
./Datasets\OSF\happy\DST_171_F_HPY.jpg,1.0,OSF,640.0,640.0,25815.0,1.0,1.0
./Datasets\OSF\happy\DST_173_F_HPY.jpg,1.0,OSF,640.0,640.0,27147.0,1.0,1.0
./Datasets\OSF\happy\DST_174_F_HPY.jpg,1.0,OSF,640.0,640.0,26780.0,1.0,1.0
./Datasets\OSF\happy\DST_176_F_HPY.jpg,1.0,OSF,640.0,640.0,25658.0,1.0,1.0
./Datasets\OSF\happy\DST_177_F_HPY.jpg,1.0,OSF,640.0,640.0,27877.0,1.0,1.0
./Datasets\OSF\happy\DST_178_F_HPY.jpg,1.0,OSF,640.0,640.0,26662.0,1.0,1.0
./Datasets\OSF\happy\DST_182_F_HPY.jpg,1.0,OSF,640.0,640.0,24111.0,1.0,1.0
./Datasets\OSF\happy\DST_183_F_HPY.jpg,1.0,OSF,640.0,640.0,26412.0,1.0,1.0
./Datasets\OSF\happy\DST_185_F_HPY.jpg,1.0,OSF,640.0,640.0,26561.0,1.0,1.0
./Datasets\OSF\happy\DST_186_F_HPY.jpg,1.0,OSF,640.0,640.0,25649.0,1.0,1.0
./Datasets\OSF\neutral\Copy of DST_040_F_NUT.jpg,2.0,OSF,640.0,640.0,26509.0,1.0,1.0
./Datasets\OSF\neutral\DST_002_F_NUT.jpg,2.0,OSF,640.0,640.0,27847.0,1.0,2.0
./Datasets\OSF\neutral\DST_004_F_NUT.jpg,2.0,OSF,640.0,640.0,27063.0,1.0,1.0
./Datasets\OSF\neutral\DST_005_F_NUT.jpg,2.0,OSF,640.0,640.0,27121.0,1.0,1.0
./Datasets\OSF\neutral\DST_009_F_NUT.jpg,2.0,OSF,640.0,640.0,30762.0,1.0,1.0
./Datasets\OSF\neutral\DST_010_M_NUT.jpg,2.0,OSF,640.0,640.0,28484.0,2.0,2.0
./Datasets\OSF\neutral\DST_012_M_NUT.jpg,2.0,OSF,640.0,640.0,25979.0,1.0,2.0
./Datasets\OSF\neutral\DST_013_M_NUT.jpg,2.0,OSF,640.0,640.0,27647.0,1.0,2.0
./Datasets\OSF\neutral\DST_015_M_NUT.jpg,2.0,OSF,640.0,640.0,27980.0,1.0,2.0
./Datasets\OSF\neutral\DST_016_M_NUT.jpg,2.0,OSF,640.0,640.0,29176.0,1.0,2.0
./Datasets\OSF\neutral\DST_017_F_NUT.jpg,2.0,OSF,640.0,640.0,27519.0,1.0,1.0
./Datasets\OSF\neutral\DST_018_M_NUT.jpg,2.0,OSF,640.0,640.0,29940.0,1.0,2.0
./Datasets\OSF\neutral\DST_020_M_NUT.jpg,2.0,OSF,640.0,640.0,26078.0,1.0,2.0
./Datasets\OSF\neutral\DST_022_M_NUT.jpg,2.0,OSF,640.0,640.0,27128.0,1.0,2.0
./Datasets\OSF\neutral\DST_023_F_NUT.jpg,2.0,OSF,640.0,640.0,27916.0,1.0,1.0
./Datasets\OSF\neutral\DST_024_F_NUT.jpg,2.0,OSF,640.0,640.0,26594.0,1.0,1.0
./Datasets\OSF\neutral\DST_025_F_NUT.jpg,2.0,OSF,640.0,640.0,27071.0,1.0,1.0
./Datasets\OSF\neutral\DST_026_M_NUT.jpg,2.0,OSF,640.0,640.0,30641.0,1.0,2.0
./Datasets\OSF\neutral\DST_027_F_NUT.jpg,2.0,OSF,640.0,640.0,27475.0,2.0,1.0
./Datasets\OSF\neutral\DST_029_F_NUT.jpg,2.0,OSF,640.0,640.0,25733.0,1.0,1.0
./Datasets\OSF\neutral\DST_030_M_NUT.jpg,2.0,OSF,640.0,640.0,29593.0,1.0,2.0
./Datasets\OSF\neutral\DST_031_M_NUT.jpg,2.0,OSF,640.0,640.0,31286.0,1.0,2.0
./Datasets\OSF\neutral\DST_032_F_NUT.jpg,2.0,OSF,640.0,640.0,26154.0,1.0,1.0
./Datasets\OSF\neutral\DST_036_F_NUT.jpg,2.0,OSF,640.0,640.0,26185.0,1.0,1.0
./Datasets\OSF\neutral\DST_041_M_NUT.jpg,2.0,OSF,640.0,640.0,27445.0,1.0,2.0
./Datasets\OSF\neutral\DST_042_F_NUT.jpg,2.0,OSF,640.0,640.0,25638.0,1.0,1.0
./Datasets\OSF\neutral\DST_043_M_NUT.jpg,2.0,OSF,640.0,640.0,28922.0,1.0,2.0
./Datasets\OSF\neutral\DST_046_F_NUT.jpg,2.0,OSF,640.0,640.0,26973.0,1.0,1.0
./Datasets\OSF\neutral\DST_047_M_NUT.jpg,2.0,OSF,640.0,640.0,26714.0,2.0,2.0
./Datasets\OSF\neutral\DST_048_M_NUT.jpg,2.0,OSF,640.0,640.0,25791.0,1.0,2.0
./Datasets\OSF\neutral\DST_051_M_NUT.jpg,2.0,OSF,640.0,640.0,26023.0,1.0,2.0
./Datasets\OSF\neutral\DST_056_M_NUT.jpg,2.0,OSF,640.0,640.0,28604.0,2.0,2.0
./Datasets\OSF\neutral\DST_064_M_NUT.jpg,2.0,OSF,640.0,640.0,29949.0,1.0,2.0
./Datasets\OSF\neutral\DST_065_F_NUT.jpg,2.0,OSF,640.0,640.0,28628.0,1.0,1.0
./Datasets\OSF\neutral\DST_068_M_NUT.jpg,2.0,OSF,640.0,640.0,28847.0,1.0,2.0
./Datasets\OSF\neutral\DST_071_M_NUT.jpg,2.0,OSF,640.0,640.0,27559.0,1.0,2.0
./Datasets\OSF\neutral\DST_074_M_NUT.jpg,2.0,OSF,640.0,640.0,26602.0,1.0,2.0
./Datasets\OSF\neutral\DST_077_M_NUT.jpg,2.0,OSF,640.0,640.0,28814.0,1.0,2.0
./Datasets\OSF\neutral\DST_079_M_NUT.jpg,2.0,OSF,640.0,640.0,27388.0,1.0,2.0
./Datasets\OSF\neutral\DST_081_M_NUT.jpg,2.0,OSF,640.0,640.0,27956.0,1.0,2.0
./Datasets\OSF\neutral\DST_083_M_NUT.jpg,2.0,OSF,640.0,640.0,28956.0,1.0,2.0
./Datasets\OSF\neutral\DST_084_M_NUT.jpg,2.0,OSF,640.0,640.0,31545.0,1.0,2.0
./Datasets\OSF\neutral\DST_086_M_NUT.jpg,2.0,OSF,640.0,640.0,30615.0,1.0,2.0
./Datasets\OSF\neutral\DST_088_M_NUT.jpg,2.0,OSF,640.0,640.0,29154.0,1.0,2.0
./Datasets\OSF\neutral\DST_089_M_NUT.jpg,2.0,OSF,640.0,640.0,29163.0,1.0,2.0
./Datasets\OSF\neutral\DST_090_M_NUT.jpg,2.0,OSF,640.0,640.0,31702.0,2.0,2.0
./Datasets\OSF\neutral\DST_091_M_NUT.jpg,2.0,OSF,640.0,640.0,30048.0,1.0,2.0
./Datasets\OSF\neutral\DST_093_M_NUT.jpg,2.0,OSF,640.0,640.0,28269.0,1.0,2.0
./Datasets\OSF\neutral\DST_096_M_NUT.jpg,2.0,OSF,640.0,640.0,26566.0,1.0,2.0
./Datasets\OSF\neutral\DST_097_M_NUT.jpg,2.0,OSF,640.0,640.0,32049.0,1.0,2.0
./Datasets\OSF\neutral\DST_098_M_NUT.jpg,2.0,OSF,640.0,640.0,29767.0,1.0,2.0
./Datasets\OSF\neutral\DST_099_M_NUT.jpg,2.0,OSF,640.0,640.0,30406.0,1.0,2.0
./Datasets\OSF\neutral\DST_103_M_NUT.jpg,2.0,OSF,640.0,640.0,29950.0,1.0,2.0
./Datasets\OSF\neutral\DST_105_M_NUT.jpg,2.0,OSF,640.0,640.0,31668.0,1.0,2.0
./Datasets\OSF\neutral\DST_106_M_NUT.jpg,2.0,OSF,640.0,640.0,31865.0,1.0,2.0
./Datasets\OSF\neutral\DST_108_M_NUT.jpg,2.0,OSF,640.0,640.0,29406.0,1.0,2.0
./Datasets\OSF\neutral\DST_110_M_NUT.jpg,2.0,OSF,640.0,640.0,27436.0,1.0,2.0
./Datasets\OSF\neutral\DST_114_M_NUT.jpg,2.0,OSF,640.0,640.0,27961.0,1.0,2.0
./Datasets\OSF\neutral\DST_115_M_NUT.jpg,2.0,OSF,640.0,640.0,26330.0,1.0,2.0
./Datasets\OSF\neutral\DST_116_M_NUT.jpg,2.0,OSF,640.0,640.0,28318.0,1.0,2.0
./Datasets\OSF\neutral\DST_118_M_NUT.jpg,2.0,OSF,640.0,640.0,27938.0,1.0,2.0
./Datasets\OSF\neutral\DST_119_M_NUT.jpg,2.0,OSF,640.0,640.0,31537.0,1.0,2.0
./Datasets\OSF\neutral\DST_120_M_NUT.jpg,2.0,OSF,640.0,640.0,29976.0,1.0,2.0
./Datasets\OSF\neutral\DST_122_M_NUT.jpg,2.0,OSF,640.0,640.0,30764.0,1.0,2.0
./Datasets\OSF\neutral\DST_123_F_NUT.jpg,2.0,OSF,640.0,640.0,23779.0,1.0,1.0
./Datasets\OSF\neutral\DST_124_F_NUT.jpg,2.0,OSF,640.0,640.0,23784.0,1.0,1.0
./Datasets\OSF\neutral\DST_126_F_NUT.jpg,2.0,OSF,640.0,640.0,23659.0,1.0,1.0
./Datasets\OSF\neutral\DST_128_F_NUT.jpg,2.0,OSF,640.0,640.0,26247.0,1.0,1.0
./Datasets\OSF\neutral\DST_129_F_NUT.jpg,2.0,OSF,640.0,640.0,23517.0,1.0,1.0
./Datasets\OSF\neutral\DST_130_F_NUT.jpg,2.0,OSF,640.0,640.0,26425.0,1.0,1.0
./Datasets\OSF\neutral\DST_131_F_NUT.jpg,2.0,OSF,640.0,640.0,26663.0,1.0,1.0
./Datasets\OSF\neutral\DST_133_F_NUT.jpg,2.0,OSF,640.0,640.0,25831.0,1.0,1.0
./Datasets\OSF\neutral\DST_135_F_NUT.jpg,2.0,OSF,640.0,640.0,25440.0,1.0,1.0
./Datasets\OSF\neutral\DST_136_F_NUT.jpg,2.0,OSF,640.0,640.0,26704.0,1.0,1.0
./Datasets\OSF\neutral\DST_137_F_NUT.jpg,2.0,OSF,640.0,640.0,24437.0,1.0,1.0
./Datasets\OSF\neutral\DST_138_F_NUT.jpg,2.0,OSF,640.0,640.0,29267.0,1.0,1.0
./Datasets\OSF\neutral\DST_142_F_NUT.jpg,2.0,OSF,640.0,640.0,26298.0,1.0,1.0
./Datasets\OSF\neutral\DST_145_F_NUT.jpg,2.0,OSF,640.0,640.0,24028.0,1.0,1.0
./Datasets\OSF\neutral\DST_146_F_NUT.jpg,2.0,OSF,640.0,640.0,27006.0,1.0,1.0
./Datasets\OSF\neutral\DST_147_F_NUT.jpg,2.0,OSF,640.0,640.0,26834.0,1.0,1.0
./Datasets\OSF\neutral\DST_149_F_NUT.jpg,2.0,OSF,640.0,640.0,28214.0,1.0,1.0
./Datasets\OSF\neutral\DST_157_F_NUT.jpg,2.0,OSF,640.0,640.0,28672.0,1.0,1.0
./Datasets\OSF\neutral\DST_158_F_NUT.jpg,2.0,OSF,640.0,640.0,27597.0,1.0,1.0
./Datasets\OSF\neutral\DST_159_F_NUT.jpg,2.0,OSF,640.0,640.0,27944.0,1.0,1.0
./Datasets\OSF\neutral\DST_161_F_NUT.jpg,2.0,OSF,640.0,640.0,24492.0,1.0,1.0
./Datasets\OSF\neutral\DST_162_F_NUT.jpg,2.0,OSF,640.0,640.0,26402.0,1.0,1.0
./Datasets\OSF\neutral\DST_163_F_NUT.jpg,2.0,OSF,640.0,640.0,26130.0,1.0,1.0
./Datasets\OSF\neutral\DST_164_F_NUT.jpg,2.0,OSF,640.0,640.0,26779.0,1.0,1.0
./Datasets\OSF\neutral\DST_167_F_NUT.jpg,2.0,OSF,640.0,640.0,28592.0,1.0,1.0
./Datasets\OSF\neutral\DST_170_F_NUT.jpg,2.0,OSF,640.0,640.0,24763.0,1.0,1.0
./Datasets\OSF\neutral\DST_171_F_NUT.jpg,2.0,OSF,640.0,640.0,26399.0,1.0,1.0
./Datasets\OSF\neutral\DST_173_F_NUT.jpg,2.0,OSF,640.0,640.0,26497.0,1.0,1.0
./Datasets\OSF\neutral\DST_174_F_NUT.jpg,2.0,OSF,640.0,640.0,25923.0,1.0,1.0
./Datasets\OSF\neutral\DST_176_F_NUT.jpg,2.0,OSF,640.0,640.0,24865.0,1.0,1.0
./Datasets\OSF\neutral\DST_177_F_NUT.jpg,2.0,OSF,640.0,640.0,27861.0,1.0,1.0
./Datasets\OSF\neutral\DST_178_F_NUT.jpg,2.0,OSF,640.0,640.0,25966.0,1.0,1.0
./Datasets\OSF\neutral\DST_182_F_NUT.jpg,2.0,OSF,640.0,640.0,23627.0,1.0,1.0
./Datasets\OSF\neutral\DST_183_F_NUT.jpg,2.0,OSF,640.0,640.0,26764.0,1.0,1.0
./Datasets\OSF\neutral\DST_185_F_NUT.jpg,2.0,OSF,640.0,640.0,26801.0,1.0,1.0
./Datasets\OSF\neutral\DST_186_F_NUT.jpg,2.0,OSF,640.0,640.0,25837.0,1.0,1.0
./Datasets\OSF\surprised\DST_002_F_SUR.jpg,3.0,OSF,640.0,640.0,31351.0,1.0,2.0
./Datasets\OSF\surprised\DST_004_F_SUR.jpg,3.0,OSF,640.0,640.0,27034.0,1.0,1.0
./Datasets\OSF\surprised\DST_005_F_SUR.jpg,3.0,OSF,640.0,640.0,29590.0,1.0,1.0
./Datasets\OSF\surprised\DST_009_F_SUR.jpg,3.0,OSF,640.0,640.0,27935.0,1.0,1.0
./Datasets\OSF\surprised\DST_010_M_SUR.jpg,3.0,OSF,640.0,640.0,28940.0,2.0,2.0
./Datasets\OSF\surprised\DST_012_M_SUR.jpg,3.0,OSF,640.0,640.0,26058.0,1.0,2.0
./Datasets\OSF\surprised\DST_013_M_SUR.jpg,3.0,OSF,640.0,640.0,26221.0,1.0,2.0
./Datasets\OSF\surprised\DST_015_M_SUR.jpg,3.0,OSF,640.0,640.0,30436.0,1.0,2.0
./Datasets\OSF\surprised\DST_016_M_SUR.jpg,3.0,OSF,640.0,640.0,29988.0,1.0,2.0
./Datasets\OSF\surprised\DST_017_F_SUR.jpg,3.0,OSF,640.0,640.0,27443.0,1.0,1.0
./Datasets\OSF\surprised\DST_018_M_SUR.jpg,3.0,OSF,640.0,640.0,27103.0,1.0,2.0
./Datasets\OSF\surprised\DST_020_M_SUR.jpg,3.0,OSF,640.0,640.0,26220.0,1.0,2.0
./Datasets\OSF\surprised\DST_022_M_SUR.jpg,3.0,OSF,640.0,640.0,27058.0,1.0,2.0
./Datasets\OSF\surprised\DST_023_F_SUR.jpg,3.0,OSF,640.0,640.0,27195.0,1.0,1.0
./Datasets\OSF\surprised\DST_024_F_SUR.jpg,3.0,OSF,640.0,640.0,26164.0,1.0,1.0
./Datasets\OSF\surprised\DST_025_F_SUR.jpg,3.0,OSF,640.0,640.0,26636.0,1.0,1.0
./Datasets\OSF\surprised\DST_026_M_SUR.jpg,3.0,OSF,640.0,640.0,30145.0,1.0,2.0
./Datasets\OSF\surprised\DST_027_F_SUR.jpg,3.0,OSF,640.0,640.0,28682.0,1.0,1.0
./Datasets\OSF\surprised\DST_029_F_SUR.jpg,3.0,OSF,640.0,640.0,25466.0,1.0,1.0
./Datasets\OSF\surprised\DST_030_M_SUR.jpg,3.0,OSF,640.0,640.0,32279.0,1.0,2.0
./Datasets\OSF\surprised\DST_031_M_SUR.jpg,3.0,OSF,640.0,640.0,30829.0,1.0,2.0
./Datasets\OSF\surprised\DST_032_F_SUR.jpg,3.0,OSF,640.0,640.0,27583.0,1.0,1.0
./Datasets\OSF\surprised\DST_036_F_SUR.jpg,3.0,OSF,640.0,640.0,26905.0,1.0,1.0
./Datasets\OSF\surprised\DST_040_F_SUR.jpg,3.0,OSF,640.0,640.0,26514.0,1.0,1.0
./Datasets\OSF\surprised\DST_041_M_SUR.jpg,3.0,OSF,640.0,640.0,26898.0,1.0,2.0
./Datasets\OSF\surprised\DST_042_F_SUR.jpg,3.0,OSF,640.0,640.0,26572.0,1.0,1.0
./Datasets\OSF\surprised\DST_043_M_SUR.jpg,3.0,OSF,640.0,640.0,28678.0,1.0,2.0
./Datasets\OSF\surprised\DST_046_F_SUR.jpg,3.0,OSF,640.0,640.0,26596.0,1.0,1.0
./Datasets\OSF\surprised\DST_047_M_SUR.jpg,3.0,OSF,640.0,640.0,27655.0,2.0,2.0
./Datasets\OSF\surprised\DST_048_M_SUR.jpg,3.0,OSF,640.0,640.0,26809.0,1.0,2.0
./Datasets\OSF\surprised\DST_051_M_SUR.jpg,3.0,OSF,640.0,640.0,24830.0,1.0,2.0
./Datasets\OSF\surprised\DST_056_M_SUR.jpg,3.0,OSF,640.0,640.0,27858.0,1.0,2.0
./Datasets\OSF\surprised\DST_064_M_SUR.jpg,3.0,OSF,640.0,640.0,28988.0,1.0,2.0
./Datasets\OSF\surprised\DST_065_F_SUR.jpg,3.0,OSF,640.0,640.0,29571.0,1.0,1.0
./Datasets\OSF\surprised\DST_068_M_SUR.jpg,3.0,OSF,640.0,640.0,29712.0,1.0,2.0
./Datasets\OSF\surprised\DST_071_M_SUR.jpg,3.0,OSF,640.0,640.0,28790.0,1.0,2.0
./Datasets\OSF\surprised\DST_074_M_SUR.jpg,3.0,OSF,640.0,640.0,27582.0,1.0,2.0
./Datasets\OSF\surprised\DST_077_M_SUR.jpg,3.0,OSF,640.0,640.0,29097.0,1.0,2.0
./Datasets\OSF\surprised\DST_079_M_SUR.jpg,3.0,OSF,640.0,640.0,28244.0,1.0,2.0
./Datasets\OSF\surprised\DST_081_M_SUR.jpg,3.0,OSF,640.0,640.0,28547.0,1.0,2.0
./Datasets\OSF\surprised\DST_083_M_SUR.jpg,3.0,OSF,640.0,640.0,29372.0,1.0,2.0
./Datasets\OSF\surprised\DST_084_M_SUR.jpg,3.0,OSF,640.0,640.0,32163.0,1.0,2.0
./Datasets\OSF\surprised\DST_086_M_SUR.jpg,3.0,OSF,640.0,640.0,31041.0,1.0,2.0
./Datasets\OSF\surprised\DST_088_M_SUR.jpg,3.0,OSF,640.0,640.0,29272.0,1.0,2.0
./Datasets\OSF\surprised\DST_089_M_SUR.jpg,3.0,OSF,640.0,640.0,29520.0,1.0,2.0
./Datasets\OSF\surprised\DST_090_M_SUR.jpg,3.0,OSF,640.0,640.0,31407.0,1.0,2.0
./Datasets\OSF\surprised\DST_091_M_SUR.jpg,3.0,OSF,640.0,640.0,30117.0,1.0,2.0
./Datasets\OSF\surprised\DST_093_M_SUR.jpg,3.0,OSF,640.0,640.0,29307.0,1.0,2.0
./Datasets\OSF\surprised\DST_096_M_SUR.jpg,3.0,OSF,640.0,640.0,27584.0,1.0,2.0
./Datasets\OSF\surprised\DST_097_M_SUR.jpg,3.0,OSF,640.0,640.0,31732.0,1.0,2.0
./Datasets\OSF\surprised\DST_098_M_SUR.jpg,3.0,OSF,640.0,640.0,30378.0,1.0,2.0
./Datasets\OSF\surprised\DST_099_M_SUR.jpg,3.0,OSF,640.0,640.0,30466.0,1.0,2.0
./Datasets\OSF\surprised\DST_103_M_SUR.jpg,3.0,OSF,640.0,640.0,31278.0,1.0,2.0
./Datasets\OSF\surprised\DST_105_M_SUR.jpg,3.0,OSF,640.0,640.0,32706.0,1.0,2.0
./Datasets\OSF\surprised\DST_106_M_SUR.jpg,3.0,OSF,640.0,640.0,31683.0,1.0,2.0
./Datasets\OSF\surprised\DST_108_M_SUR.jpg,3.0,OSF,640.0,640.0,29705.0,1.0,2.0
./Datasets\OSF\surprised\DST_110_M_SUR.jpg,3.0,OSF,640.0,640.0,28562.0,1.0,2.0
./Datasets\OSF\surprised\DST_114_M_SUR.jpg,3.0,OSF,640.0,640.0,28175.0,1.0,2.0
./Datasets\OSF\surprised\DST_115_M_SUR.jpg,3.0,OSF,640.0,640.0,27423.0,1.0,2.0
./Datasets\OSF\surprised\DST_116_M_SUR.jpg,3.0,OSF,640.0,640.0,29147.0,1.0,2.0
./Datasets\OSF\surprised\DST_118_M_SUR.jpg,3.0,OSF,640.0,640.0,28230.0,1.0,2.0
./Datasets\OSF\surprised\DST_119_M_SUR.jpg,3.0,OSF,640.0,640.0,33255.0,1.0,2.0
./Datasets\OSF\surprised\DST_120_M_SUR.jpg,3.0,OSF,640.0,640.0,31047.0,1.0,2.0
./Datasets\OSF\surprised\DST_122_M_SUR.jpg,3.0,OSF,640.0,640.0,32163.0,1.0,2.0
./Datasets\OSF\surprised\DST_123_F_SUR.jpg,3.0,OSF,640.0,640.0,24362.0,1.0,1.0
./Datasets\OSF\surprised\DST_124_F_SUR.jpg,3.0,OSF,640.0,640.0,24399.0,1.0,1.0
./Datasets\OSF\surprised\DST_126_F_SUR.jpg,3.0,OSF,640.0,640.0,24072.0,1.0,1.0
./Datasets\OSF\surprised\DST_128_F_SUR.jpg,3.0,OSF,640.0,640.0,26054.0,1.0,1.0
./Datasets\OSF\surprised\DST_129_F_SUR.jpg,3.0,OSF,640.0,640.0,23272.0,1.0,1.0
./Datasets\OSF\surprised\DST_130_F_SUR.jpg,3.0,OSF,640.0,640.0,26599.0,1.0,1.0
./Datasets\OSF\surprised\DST_131_F_SUR.jpg,3.0,OSF,640.0,640.0,27315.0,1.0,1.0
./Datasets\OSF\surprised\DST_133_F_SUR.jpg,3.0,OSF,640.0,640.0,26621.0,1.0,1.0
./Datasets\OSF\surprised\DST_135_F_SUR.jpg,3.0,OSF,640.0,640.0,25222.0,1.0,1.0
./Datasets\OSF\surprised\DST_136_F_SUR.jpg,3.0,OSF,640.0,640.0,27911.0,1.0,1.0
./Datasets\OSF\surprised\DST_137_F_SUR.jpg,3.0,OSF,640.0,640.0,24328.0,1.0,1.0
./Datasets\OSF\surprised\DST_138_F_SUR.jpg,3.0,OSF,640.0,640.0,29237.0,1.0,1.0
./Datasets\OSF\surprised\DST_142_F_SUR.jpg,3.0,OSF,640.0,640.0,26474.0,1.0,1.0
./Datasets\OSF\surprised\DST_145_F_SUR.jpg,3.0,OSF,640.0,640.0,25734.0,1.0,1.0
./Datasets\OSF\surprised\DST_146_F_SUR.jpg,3.0,OSF,640.0,640.0,25415.0,1.0,1.0
./Datasets\OSF\surprised\DST_147_F_SUR.jpg,3.0,OSF,640.0,640.0,26626.0,1.0,1.0
./Datasets\OSF\surprised\DST_149_F_SUR.jpg,3.0,OSF,640.0,640.0,26471.0,1.0,1.0
./Datasets\OSF\surprised\DST_157_F_SUR.jpg,3.0,OSF,640.0,640.0,28973.0,1.0,1.0
./Datasets\OSF\surprised\DST_158_F_SUR.jpg,3.0,OSF,640.0,640.0,28340.0,1.0,1.0
./Datasets\OSF\surprised\DST_159_F_SUR.jpg,3.0,OSF,640.0,640.0,27969.0,1.0,1.0
./Datasets\OSF\surprised\DST_161_F_SUR.jpg,3.0,OSF,640.0,640.0,24856.0,1.0,1.0
./Datasets\OSF\surprised\DST_162_F_SUR.jpg,3.0,OSF,640.0,640.0,26007.0,1.0,1.0
./Datasets\OSF\surprised\DST_163_F_SUR.jpg,3.0,OSF,640.0,640.0,27023.0,1.0,1.0
./Datasets\OSF\surprised\DST_164_F_SUR.jpg,3.0,OSF,640.0,640.0,27002.0,1.0,1.0
./Datasets\OSF\surprised\DST_167_F_SUR.jpg,3.0,OSF,640.0,640.0,28902.0,1.0,1.0
./Datasets\OSF\surprised\DST_170_F_SUR.jpg,3.0,OSF,640.0,640.0,25515.0,1.0,1.0
./Datasets\OSF\surprised\DST_171_F_SUR.jpg,3.0,OSF,640.0,640.0,26570.0,1.0,1.0
./Datasets\OSF\surprised\DST_173_F_SUR.jpg,3.0,OSF,640.0,640.0,27659.0,1.0,1.0
./Datasets\OSF\surprised\DST_174_F_SUR.jpg,3.0,OSF,640.0,640.0,25265.0,1.0,1.0
./Datasets\OSF\surprised\DST_176_F_SUR.jpg,3.0,OSF,640.0,640.0,27979.0,1.0,1.0
./Datasets\OSF\surprised\DST_177_F_SUR.jpg,3.0,OSF,640.0,640.0,27912.0,1.0,1.0
./Datasets\OSF\surprised\DST_178_F_SUR.jpg,3.0,OSF,640.0,640.0,26659.0,1.0,1.0
./Datasets\OSF\surprised\DST_182_F_SUR.jpg,3.0,OSF,640.0,640.0,24839.0,1.0,1.0
./Datasets\OSF\surprised\DST_183_F_SUR.jpg,3.0,OSF,640.0,640.0,27028.0,1.0,1.0
./Datasets\OSF\surprised\DST_185_F_SUR.jpg,3.0,OSF,640.0,640.0,27132.0,1.0,1.0
./Datasets\OSF\surprised\DST_186_F_SUR.jpg,3.0,OSF,640.0,640.0,26449.0,1.0,1.0
./Datasets\Real_and_Fake_Face_Detection\focused\real_00010.jpg,0.0,Real_and_Fake_Face_Detection,640.0,640.0,42340.0,1.0,1.0
./Datasets\Real_and_Fake_Face_Detection\focused\real_00011.jpg,0.0,Real_and_Fake_Face_Detection,640.0,640.0,77707.0,1.0,1.0
./Datasets\Real_and_Fake_Face_Detection\focused\real_00015.jpg,0.0,Real_and_Fake_Face_Detection,640.0,640.0,35782.0,1.0,2.0
./Datasets\Real_and_Fake_Face_Detection\focused\real_00016.jpg,0.0,Real_and_Fake_Face_Detection,640.0,640.0,31676.0,1.0,1.0
./Datasets\Real_and_Fake_Face_Detection\focused\real_00017.jpg,0.0,Real_and_Fake_Face_Detection,640.0,640.0,45221.0,1.0,2.0
./Datasets\Real_and_Fake_Face_Detection\focused\real_00018.jpg,0.0,Real_and_Fake_Face_Detection,640.0,640.0,45008.0,1.0,1.0
./Datasets\Real_and_Fake_Face_Detection\focused\real_00022.jpg,0.0,Real_and_Fake_Face_Detection,640.0,640.0,58137.0,2.0,2.0
./Datasets\Real_and_Fake_Face_Detection\focused\real_00024.jpg,0.0,Real_and_Fake_Face_Detection,640.0,640.0,43809.0,1.0,1.0
./Datasets\Real_and_Fake_Face_Detection\focused\real_00025.jpg,0.0,Real_and_Fake_Face_Detection,640.0,640.0,40996.0,1.0,1.0
./Datasets\Real_and_Fake_Face_Detection\focused\real_00026.jpg,0.0,Real_and_Fake_Face_Detection,640.0,640.0,35525.0,1.0,1.0
./Datasets\Real_and_Fake_Face_Detection\focused\real_00027.jpg,0.0,Real_and_Fake_Face_Detection,640.0,640.0,31127.0,1.0,1.0
./Datasets\Real_and_Fake_Face_Detection\focused\real_00036.jpg,0.0,Real_and_Fake_Face_Detection,640.0,640.0,48357.0,1.0,2.0
./Datasets\Real_and_Fake_Face_Detection\focused\real_00040.jpg,0.0,Real_and_Fake_Face_Detection,640.0,640.0,40656.0,1.0,2.0
./Datasets\Real_and_Fake_Face_Detection\focused\real_00041.jpg,0.0,Real_and_Fake_Face_Detection,640.0,640.0,46233.0,2.0,2.0
./Datasets\Real_and_Fake_Face_Detection\focused\real_00042.jpg,0.0,Real_and_Fake_Face_Detection,640.0,640.0,53910.0,2.0,1.0
./Datasets\Real_and_Fake_Face_Detection\focused\real_00047.jpg,0.0,Real_and_Fake_Face_Detection,640.0,640.0,46272.0,1.0,2.0
./Datasets\Real_and_Fake_Face_Detection\focused\real_00049.jpg,0.0,Real_and_Fake_Face_Detection,640.0,640.0,74125.0,1.0,1.0
./Datasets\Real_and_Fake_Face_Detection\focused\real_00058.jpg,0.0,Real_and_Fake_Face_Detection,640.0,640.0,44474.0,1.0,1.0
./Datasets\Real_and_Fake_Face_Detection\focused\real_00059.jpg,0.0,Real_and_Fake_Face_Detection,640.0,640.0,33844.0,1.0,1.0
./Datasets\Real_and_Fake_Face_Detection\focused\real_00061.jpg,0.0,Real_and_Fake_Face_Detection,640.0,640.0,53330.0,1.0,1.0
./Datasets\Real_and_Fake_Face_Detection\focused\real_00065.jpg,0.0,Real_and_Fake_Face_Detection,640.0,640.0,44247.0,1.0,1.0
./Datasets\Real_and_Fake_Face_Detection\focused\real_00072.jpg,0.0,Real_and_Fake_Face_Detection,640.0,640.0,41876.0,1.0,2.0
./Datasets\Real_and_Fake_Face_Detection\focused\real_00075.jpg,0.0,Real_and_Fake_Face_Detection,640.0,640.0,57862.0,1.0,1.0
./Datasets\Real_and_Fake_Face_Detection\focused\real_00078.jpg,0.0,Real_and_Fake_Face_Detection,640.0,640.0,74644.0,2.0,2.0
./Datasets\Real_and_Fake_Face_Detection\focused\real_00080.jpg,0.0,Real_and_Fake_Face_Detection,640.0,640.0,66953.0,2.0,2.0
./Datasets\Real_and_Fake_Face_Detection\focused\real_00107.jpg,0.0,Real_and_Fake_Face_Detection,640.0,640.0,50227.0,1.0,1.0
./Datasets\Real_and_Fake_Face_Detection\focused\real_00108.jpg,0.0,Real_and_Fake_Face_Detection,640.0,640.0,37510.0,1.0,2.0
./Datasets\Real_and_Fake_Face_Detection\focused\real_00109.jpg,0.0,Real_and_Fake_Face_Detection,640.0,640.0,50247.0,2.0,1.0
./Datasets\Real_and_Fake_Face_Detection\focused\real_00111.jpg,0.0,Real_and_Fake_Face_Detection,640.0,640.0,43240.0,1.0,2.0
./Datasets\Real_and_Fake_Face_Detection\focused\real_00114.jpg,0.0,Real_and_Fake_Face_Detection,640.0,640.0,39621.0,1.0,2.0
./Datasets\Real_and_Fake_Face_Detection\focused\real_00116.jpg,0.0,Real_and_Fake_Face_Detection,640.0,640.0,38817.0,1.0,2.0
./Datasets\Real_and_Fake_Face_Detection\focused\real_00117.jpg,0.0,Real_and_Fake_Face_Detection,640.0,640.0,40135.0,1.0,2.0
./Datasets\Real_and_Fake_Face_Detection\focused\real_00118.jpg,0.0,Real_and_Fake_Face_Detection,640.0,640.0,40843.0,1.0,2.0
./Datasets\Real_and_Fake_Face_Detection\focused\real_00120.jpg,0.0,Real_and_Fake_Face_Detection,640.0,640.0,63633.0,1.0,2.0
./Datasets\Real_and_Fake_Face_Detection\focused\real_00121.jpg,0.0,Real_and_Fake_Face_Detection,640.0,640.0,52339.0,3.0,2.0
./Datasets\Real_and_Fake_Face_Detection\focused\real_00126.jpg,0.0,Real_and_Fake_Face_Detection,640.0,640.0,44161.0,1.0,1.0
./Datasets\Real_and_Fake_Face_Detection\focused\real_00127.jpg,0.0,Real_and_Fake_Face_Detection,640.0,640.0,40391.0,2.0,2.0
./Datasets\Real_and_Fake_Face_Detection\focused\real_00133.jpg,0.0,Real_and_Fake_Face_Detection,640.0,640.0,39812.0,1.0,1.0
./Datasets\Real_and_Fake_Face_Detection\focused\real_00135.jpg,0.0,Real_and_Fake_Face_Detection,640.0,640.0,30002.0,1.0,1.0
./Datasets\Real_and_Fake_Face_Detection\focused\real_00137.jpg,0.0,Real_and_Fake_Face_Detection,640.0,640.0,55299.0,1.0,1.0
./Datasets\Real_and_Fake_Face_Detection\focused\real_00138.jpg,0.0,Real_and_Fake_Face_Detection,640.0,640.0,35143.0,2.0,2.0
./Datasets\Real_and_Fake_Face_Detection\focused\real_00140.jpg,0.0,Real_and_Fake_Face_Detection,640.0,640.0,53470.0,1.0,1.0
./Datasets\Real_and_Fake_Face_Detection\focused\real_00149.jpg,0.0,Real_and_Fake_Face_Detection,640.0,640.0,45773.0,1.0,2.0
./Datasets\Real_and_Fake_Face_Detection\focused\real_00151.jpg,0.0,Real_and_Fake_Face_Detection,640.0,640.0,44422.0,1.0,1.0
./Datasets\Real_and_Fake_Face_Detection\focused\real_00152.jpg,0.0,Real_and_Fake_Face_Detection,640.0,640.0,47230.0,1.0,2.0
./Datasets\Real_and_Fake_Face_Detection\focused\real_00159.jpg,0.0,Real_and_Fake_Face_Detection,640.0,640.0,50251.0,1.0,2.0
./Datasets\Real_and_Fake_Face_Detection\focused\real_00172.jpg,0.0,Real_and_Fake_Face_Detection,640.0,640.0,64230.0,1.0,1.0
./Datasets\Real_and_Fake_Face_Detection\focused\real_00173.jpg,0.0,Real_and_Fake_Face_Detection,640.0,640.0,38078.0,1.0,2.0
./Datasets\Real_and_Fake_Face_Detection\focused\real_00174.jpg,0.0,Real_and_Fake_Face_Detection,640.0,640.0,53284.0,1.0,1.0
./Datasets\Real_and_Fake_Face_Detection\focused\real_00176.jpg,0.0,Real_and_Fake_Face_Detection,640.0,640.0,64445.0,1.0,1.0
./Datasets\Real_and_Fake_Face_Detection\focused\real_00184.jpg,0.0,Real_and_Fake_Face_Detection,640.0,640.0,77288.0,1.0,2.0
./Datasets\Real_and_Fake_Face_Detection\focused\real_00188.jpg,0.0,Real_and_Fake_Face_Detection,640.0,640.0,36579.0,1.0,1.0
./Datasets\Real_and_Fake_Face_Detection\focused\real_00189.jpg,0.0,Real_and_Fake_Face_Detection,640.0,640.0,40637.0,1.0,1.0
./Datasets\Real_and_Fake_Face_Detection\focused\real_00192.jpg,0.0,Real_and_Fake_Face_Detection,640.0,640.0,43062.0,1.0,1.0
./Datasets\Real_and_Fake_Face_Detection\focused\real_00194.jpg,0.0,Real_and_Fake_Face_Detection,640.0,640.0,29309.0,1.0,2.0
./Datasets\Real_and_Fake_Face_Detection\focused\real_00195.jpg,0.0,Real_and_Fake_Face_Detection,640.0,640.0,48806.0,2.0,1.0
./Datasets\Real_and_Fake_Face_Detection\focused\real_00200.jpg,0.0,Real_and_Fake_Face_Detection,640.0,640.0,58676.0,2.0,2.0
./Datasets\Real_and_Fake_Face_Detection\focused\real_00206.jpg,0.0,Real_and_Fake_Face_Detection,640.0,640.0,46517.0,2.0,2.0
./Datasets\Real_and_Fake_Face_Detection\focused\real_00210.jpg,0.0,Real_and_Fake_Face_Detection,640.0,640.0,73528.0,1.0,1.0
./Datasets\Real_and_Fake_Face_Detection\focused\real_00211.jpg,0.0,Real_and_Fake_Face_Detection,640.0,640.0,41084.0,2.0,1.0
./Datasets\Real_and_Fake_Face_Detection\focused\real_00216.jpg,0.0,Real_and_Fake_Face_Detection,640.0,640.0,40375.0,1.0,1.0
./Datasets\Real_and_Fake_Face_Detection\focused\real_00220.jpg,0.0,Real_and_Fake_Face_Detection,640.0,640.0,29094.0,1.0,1.0
./Datasets\Real_and_Fake_Face_Detection\focused\real_00221.jpg,0.0,Real_and_Fake_Face_Detection,640.0,640.0,56970.0,1.0,1.0
./Datasets\Real_and_Fake_Face_Detection\focused\real_00222.jpg,0.0,Real_and_Fake_Face_Detection,640.0,640.0,41930.0,1.0,1.0
./Datasets\Real_and_Fake_Face_Detection\focused\real_00223.jpg,0.0,Real_and_Fake_Face_Detection,640.0,640.0,34115.0,1.0,1.0
./Datasets\Real_and_Fake_Face_Detection\focused\real_00227.jpg,0.0,Real_and_Fake_Face_Detection,640.0,640.0,88497.0,1.0,2.0
./Datasets\Real_and_Fake_Face_Detection\focused\real_00237.jpg,0.0,Real_and_Fake_Face_Detection,640.0,640.0,57216.0,2.0,2.0
./Datasets\Real_and_Fake_Face_Detection\focused\real_00242.jpg,0.0,Real_and_Fake_Face_Detection,640.0,640.0,41921.0,1.0,1.0
./Datasets\Real_and_Fake_Face_Detection\focused\real_00245.jpg,0.0,Real_and_Fake_Face_Detection,640.0,640.0,42597.0,1.0,1.0
./Datasets\Real_and_Fake_Face_Detection\focused\real_00251.jpg,0.0,Real_and_Fake_Face_Detection,640.0,640.0,50560.0,1.0,1.0
./Datasets\Real_and_Fake_Face_Detection\focused\real_00254.jpg,0.0,Real_and_Fake_Face_Detection,640.0,640.0,52308.0,1.0,2.0
./Datasets\Real_and_Fake_Face_Detection\focused\real_00258.jpg,0.0,Real_and_Fake_Face_Detection,640.0,640.0,35658.0,1.0,1.0
./Datasets\Real_and_Fake_Face_Detection\focused\real_00262.jpg,0.0,Real_and_Fake_Face_Detection,640.0,640.0,48411.0,1.0,2.0
./Datasets\Real_and_Fake_Face_Detection\focused\real_00265.jpg,0.0,Real_and_Fake_Face_Detection,640.0,640.0,39531.0,1.0,1.0
./Datasets\Real_and_Fake_Face_Detection\focused\real_00268.jpg,0.0,Real_and_Fake_Face_Detection,640.0,640.0,29478.0,1.0,1.0
./Datasets\Real_and_Fake_Face_Detection\focused\real_00274.jpg,0.0,Real_and_Fake_Face_Detection,640.0,640.0,50817.0,1.0,1.0
./Datasets\Real_and_Fake_Face_Detection\focused\real_00277.jpg,0.0,Real_and_Fake_Face_Detection,640.0,640.0,65848.0,1.0,1.0
./Datasets\Real_and_Fake_Face_Detection\focused\real_00284.jpg,0.0,Real_and_Fake_Face_Detection,640.0,640.0,30559.0,1.0,1.0
./Datasets\Real_and_Fake_Face_Detection\focused\real_00295.jpg,0.0,Real_and_Fake_Face_Detection,640.0,640.0,64780.0,1.0,1.0
./Datasets\Real_and_Fake_Face_Detection\focused\real_00298.jpg,0.0,Real_and_Fake_Face_Detection,640.0,640.0,37266.0,1.0,1.0
./Datasets\Real_and_Fake_Face_Detection\focused\real_00304.jpg,0.0,Real_and_Fake_Face_Detection,640.0,640.0,45103.0,1.0,1.0
./Datasets\Real_and_Fake_Face_Detection\focused\real_00310.jpg,0.0,Real_and_Fake_Face_Detection,640.0,640.0,97607.0,1.0,1.0
./Datasets\Real_and_Fake_Face_Detection\focused\real_00313.jpg,0.0,Real_and_Fake_Face_Detection,640.0,640.0,47171.0,1.0,1.0
./Datasets\Real_and_Fake_Face_Detection\focused\real_00322.jpg,0.0,Real_and_Fake_Face_Detection,640.0,640.0,66250.0,2.0,1.0
./Datasets\Real_and_Fake_Face_Detection\focused\real_00325.jpg,0.0,Real_and_Fake_Face_Detection,640.0,640.0,41847.0,1.0,1.0
./Datasets\Real_and_Fake_Face_Detection\focused\real_00335.jpg,0.0,Real_and_Fake_Face_Detection,640.0,640.0,59730.0,1.0,1.0
./Datasets\Real_and_Fake_Face_Detection\focused\real_00337.jpg,0.0,Real_and_Fake_Face_Detection,640.0,640.0,44302.0,1.0,1.0
./Datasets\Real_and_Fake_Face_Detection\focused\real_00340.jpg,0.0,Real_and_Fake_Face_Detection,640.0,640.0,37183.0,1.0,1.0
./Datasets\Real_and_Fake_Face_Detection\focused\real_00347.jpg,0.0,Real_and_Fake_Face_Detection,640.0,640.0,55646.0,1.0,1.0
./Datasets\Real_and_Fake_Face_Detection\focused\real_00354.jpg,0.0,Real_and_Fake_Face_Detection,640.0,640.0,26410.0,1.0,1.0
./Datasets\Real_and_Fake_Face_Detection\focused\real_00357.jpg,0.0,Real_and_Fake_Face_Detection,640.0,640.0,36596.0,1.0,1.0
./Datasets\Real_and_Fake_Face_Detection\focused\real_00379.jpg,0.0,Real_and_Fake_Face_Detection,640.0,640.0,42183.0,1.0,1.0
./Datasets\Real_and_Fake_Face_Detection\focused\real_00384.jpg,0.0,Real_and_Fake_Face_Detection,640.0,640.0,63278.0,1.0,2.0
./Datasets\Real_and_Fake_Face_Detection\focused\real_00388.jpg,0.0,Real_and_Fake_Face_Detection,640.0,640.0,40948.0,2.0,2.0
./Datasets\Real_and_Fake_Face_Detection\focused\real_00405.jpg,0.0,Real_and_Fake_Face_Detection,640.0,640.0,46012.0,1.0,1.0
./Datasets\Real_and_Fake_Face_Detection\focused\real_00407.jpg,0.0,Real_and_Fake_Face_Detection,640.0,640.0,48484.0,3.0,2.0
./Datasets\Real_and_Fake_Face_Detection\focused\real_00415.jpg,0.0,Real_and_Fake_Face_Detection,640.0,640.0,44013.0,1.0,2.0
./Datasets\Real_and_Fake_Face_Detection\focused\real_00416.jpg,0.0,Real_and_Fake_Face_Detection,640.0,640.0,36480.0,1.0,2.0
./Datasets\Real_and_Fake_Face_Detection\focused\real_00419.jpg,0.0,Real_and_Fake_Face_Detection,640.0,640.0,61657.0,2.0,2.0
./Datasets\Real_and_Fake_Face_Detection\focused\real_00424.jpg,0.0,Real_and_Fake_Face_Detection,640.0,640.0,55677.0,1.0,1.0
./Datasets\Real_and_Fake_Face_Detection\focused\real_00425.jpg,0.0,Real_and_Fake_Face_Detection,640.0,640.0,53198.0,1.0,1.0
./Datasets\Real_and_Fake_Face_Detection\focused\real_00428.jpg,0.0,Real_and_Fake_Face_Detection,640.0,640.0,85788.0,2.0,2.0
./Datasets\Real_and_Fake_Face_Detection\focused\real_00430.jpg,0.0,Real_and_Fake_Face_Detection,640.0,640.0,43853.0,1.0,2.0
./Datasets\Real_and_Fake_Face_Detection\focused\real_00431.jpg,0.0,Real_and_Fake_Face_Detection,640.0,640.0,57060.0,1.0,1.0
./Datasets\Real_and_Fake_Face_Detection\focused\real_00433.jpg,0.0,Real_and_Fake_Face_Detection,640.0,640.0,68776.0,2.0,2.0
./Datasets\Real_and_Fake_Face_Detection\focused\real_00438.jpg,0.0,Real_and_Fake_Face_Detection,640.0,640.0,26921.0,1.0,1.0
./Datasets\Real_and_Fake_Face_Detection\focused\real_00441.jpg,0.0,Real_and_Fake_Face_Detection,640.0,640.0,69716.0,2.0,2.0
./Datasets\Real_and_Fake_Face_Detection\focused\real_00447.jpg,0.0,Real_and_Fake_Face_Detection,640.0,640.0,49402.0,1.0,1.0
./Datasets\Real_and_Fake_Face_Detection\focused\real_00449.jpg,0.0,Real_and_Fake_Face_Detection,640.0,640.0,39087.0,1.0,1.0
./Datasets\Real_and_Fake_Face_Detection\focused\real_00455.jpg,0.0,Real_and_Fake_Face_Detection,640.0,640.0,57865.0,1.0,1.0
./Datasets\Real_and_Fake_Face_Detection\focused\real_00456.jpg,0.0,Real_and_Fake_Face_Detection,640.0,640.0,66915.0,1.0,1.0
./Datasets\Real_and_Fake_Face_Detection\focused\real_00462.jpg,0.0,Real_and_Fake_Face_Detection,640.0,640.0,44853.0,1.0,2.0
./Datasets\Real_and_Fake_Face_Detection\focused\real_00467.jpg,0.0,Real_and_Fake_Face_Detection,640.0,640.0,70830.0,1.0,2.0
./Datasets\Real_and_Fake_Face_Detection\focused\real_00471.jpg,0.0,Real_and_Fake_Face_Detection,640.0,640.0,54129.0,1.0,1.0
./Datasets\Real_and_Fake_Face_Detection\focused\real_00474.jpg,0.0,Real_and_Fake_Face_Detection,640.0,640.0,60825.0,2.0,1.0
./Datasets\Real_and_Fake_Face_Detection\focused\real_00476.jpg,0.0,Real_and_Fake_Face_Detection,640.0,640.0,42030.0,1.0,1.0
./Datasets\Real_and_Fake_Face_Detection\focused\real_00477.jpg,0.0,Real_and_Fake_Face_Detection,640.0,640.0,73808.0,1.0,1.0
./Datasets\Real_and_Fake_Face_Detection\focused\real_00478.jpg,0.0,Real_and_Fake_Face_Detection,640.0,640.0,51170.0,1.0,1.0
./Datasets\Real_and_Fake_Face_Detection\focused\real_00479.jpg,0.0,Real_and_Fake_Face_Detection,640.0,640.0,37723.0,1.0,1.0
./Datasets\Real_and_Fake_Face_Detection\focused\real_00480.jpg,0.0,Real_and_Fake_Face_Detection,640.0,640.0,56097.0,2.0,1.0
./Datasets\Real_and_Fake_Face_Detection\focused\real_00484.jpg,0.0,Real_and_Fake_Face_Detection,640.0,640.0,34183.0,1.0,1.0
./Datasets\Real_and_Fake_Face_Detection\focused\real_00490.jpg,0.0,Real_and_Fake_Face_Detection,640.0,640.0,54487.0,1.0,2.0
./Datasets\Real_and_Fake_Face_Detection\focused\real_00494.jpg,0.0,Real_and_Fake_Face_Detection,640.0,640.0,43663.0,1.0,1.0
./Datasets\Real_and_Fake_Face_Detection\focused\real_00501.jpg,0.0,Real_and_Fake_Face_Detection,640.0,640.0,33070.0,1.0,1.0
./Datasets\Real_and_Fake_Face_Detection\focused\real_00503.jpg,0.0,Real_and_Fake_Face_Detection,640.0,640.0,56100.0,1.0,2.0
./Datasets\Real_and_Fake_Face_Detection\focused\real_00505.jpg,0.0,Real_and_Fake_Face_Detection,640.0,640.0,32883.0,1.0,2.0
./Datasets\Real_and_Fake_Face_Detection\focused\real_00523.jpg,0.0,Real_and_Fake_Face_Detection,640.0,640.0,40131.0,1.0,2.0
./Datasets\Real_and_Fake_Face_Detection\focused\real_00527.jpg,0.0,Real_and_Fake_Face_Detection,640.0,640.0,42282.0,2.0,1.0
./Datasets\Real_and_Fake_Face_Detection\focused\real_00538.jpg,0.0,Real_and_Fake_Face_Detection,640.0,640.0,55216.0,2.0,2.0
./Datasets\Real_and_Fake_Face_Detection\focused\real_00545.jpg,0.0,Real_and_Fake_Face_Detection,640.0,640.0,76438.0,1.0,1.0
./Datasets\Real_and_Fake_Face_Detection\focused\real_00546.jpg,0.0,Real_and_Fake_Face_Detection,640.0,640.0,40952.0,1.0,2.0
./Datasets\Real_and_Fake_Face_Detection\focused\real_00549.jpg,0.0,Real_and_Fake_Face_Detection,640.0,640.0,40169.0,3.0,2.0
./Datasets\Real_and_Fake_Face_Detection\focused\real_00554.jpg,0.0,Real_and_Fake_Face_Detection,640.0,640.0,44725.0,2.0,2.0
./Datasets\Real_and_Fake_Face_Detection\focused\real_00555.jpg,0.0,Real_and_Fake_Face_Detection,640.0,640.0,55834.0,2.0,2.0
./Datasets\Real_and_Fake_Face_Detection\focused\real_00559.jpg,0.0,Real_and_Fake_Face_Detection,640.0,640.0,57999.0,2.0,2.0
./Datasets\Real_and_Fake_Face_Detection\focused\real_00565.jpg,0.0,Real_and_Fake_Face_Detection,640.0,640.0,50522.0,1.0,2.0
./Datasets\Real_and_Fake_Face_Detection\focused\real_00570.jpg,0.0,Real_and_Fake_Face_Detection,640.0,640.0,31311.0,1.0,2.0
./Datasets\Real_and_Fake_Face_Detection\focused\real_00575.jpg,0.0,Real_and_Fake_Face_Detection,640.0,640.0,29017.0,1.0,2.0
./Datasets\Real_and_Fake_Face_Detection\focused\real_00583.jpg,0.0,Real_and_Fake_Face_Detection,640.0,640.0,55964.0,2.0,2.0
./Datasets\Real_and_Fake_Face_Detection\focused\real_00587.jpg,0.0,Real_and_Fake_Face_Detection,640.0,640.0,29405.0,1.0,2.0
./Datasets\Real_and_Fake_Face_Detection\focused\real_00589.jpg,0.0,Real_and_Fake_Face_Detection,640.0,640.0,49222.0,1.0,2.0
./Datasets\Real_and_Fake_Face_Detection\focused\real_00595.jpg,0.0,Real_and_Fake_Face_Detection,640.0,640.0,50748.0,1.0,1.0
./Datasets\Real_and_Fake_Face_Detection\focused\real_00597.jpg,0.0,Real_and_Fake_Face_Detection,640.0,640.0,41487.0,1.0,1.0
./Datasets\Real_and_Fake_Face_Detection\focused\real_00598.jpg,0.0,Real_and_Fake_Face_Detection,640.0,640.0,40085.0,2.0,2.0
./Datasets\Real_and_Fake_Face_Detection\focused\real_00606.jpg,0.0,Real_and_Fake_Face_Detection,640.0,640.0,47413.0,1.0,2.0
./Datasets\Real_and_Fake_Face_Detection\focused\real_00612.jpg,0.0,Real_and_Fake_Face_Detection,640.0,640.0,63074.0,1.0,1.0
./Datasets\Real_and_Fake_Face_Detection\focused\real_00613.jpg,0.0,Real_and_Fake_Face_Detection,640.0,640.0,70132.0,1.0,1.0
./Datasets\Real_and_Fake_Face_Detection\focused\real_00618.jpg,0.0,Real_and_Fake_Face_Detection,640.0,640.0,31811.0,1.0,1.0
./Datasets\Real_and_Fake_Face_Detection\focused\real_00628.jpg,0.0,Real_and_Fake_Face_Detection,640.0,640.0,39185.0,1.0,1.0
./Datasets\Real_and_Fake_Face_Detection\focused\real_00639.jpg,0.0,Real_and_Fake_Face_Detection,640.0,640.0,32608.0,1.0,1.0
./Datasets\Real_and_Fake_Face_Detection\focused\real_00649.jpg,0.0,Real_and_Fake_Face_Detection,640.0,640.0,36664.0,1.0,1.0
./Datasets\Real_and_Fake_Face_Detection\focused\real_00654.jpg,0.0,Real_and_Fake_Face_Detection,640.0,640.0,59865.0,2.0,2.0
./Datasets\Real_and_Fake_Face_Detection\focused\real_00659.jpg,0.0,Real_and_Fake_Face_Detection,640.0,640.0,51849.0,1.0,1.0
./Datasets\Real_and_Fake_Face_Detection\focused\real_00664.jpg,0.0,Real_and_Fake_Face_Detection,640.0,640.0,30435.0,2.0,2.0
./Datasets\Real_and_Fake_Face_Detection\focused\real_00674.jpg,0.0,Real_and_Fake_Face_Detection,640.0,640.0,41566.0,1.0,2.0
./Datasets\Real_and_Fake_Face_Detection\focused\real_00683.jpg,0.0,Real_and_Fake_Face_Detection,640.0,640.0,44986.0,1.0,1.0
./Datasets\Real_and_Fake_Face_Detection\focused\real_00692.jpg,0.0,Real_and_Fake_Face_Detection,640.0,640.0,38565.0,1.0,2.0
./Datasets\Real_and_Fake_Face_Detection\focused\real_00693.jpg,0.0,Real_and_Fake_Face_Detection,640.0,640.0,36080.0,1.0,2.0
./Datasets\Real_and_Fake_Face_Detection\focused\real_00699.jpg,0.0,Real_and_Fake_Face_Detection,640.0,640.0,56708.0,1.0,1.0
./Datasets\Real_and_Fake_Face_Detection\focused\real_00703.jpg,0.0,Real_and_Fake_Face_Detection,640.0,640.0,44850.0,2.0,2.0
./Datasets\Real_and_Fake_Face_Detection\focused\real_00720.jpg,0.0,Real_and_Fake_Face_Detection,640.0,640.0,38731.0,1.0,1.0
./Datasets\Real_and_Fake_Face_Detection\focused\real_00728.jpg,0.0,Real_and_Fake_Face_Detection,640.0,640.0,42166.0,1.0,2.0
./Datasets\Real_and_Fake_Face_Detection\focused\real_00729.jpg,0.0,Real_and_Fake_Face_Detection,640.0,640.0,54074.0,1.0,2.0
./Datasets\Real_and_Fake_Face_Detection\focused\real_00756.jpg,0.0,Real_and_Fake_Face_Detection,640.0,640.0,29616.0,1.0,2.0
./Datasets\Real_and_Fake_Face_Detection\focused\real_00759.jpg,0.0,Real_and_Fake_Face_Detection,640.0,640.0,50017.0,1.0,2.0
,,,,,,,
